chapter_folder,word_number,type,english,french,relative_path
01_Greetings_Politeness_Meeting_People,751,word,hello,bonjour,01_Greetings_Politeness_Meeting_People/751_hello.m4a
01_Greetings_Politeness_Meeting_People,751,sentence1,"Hello, how are you?","Bonjour, comment vas-tu ?",01_Greetings_Politeness_Meeting_People/751_hello_ex1.m4a
01_Greetings_Politeness_Meeting_People,751,sentence2,She said hello to everyone.,Elle a dit bonjour à tout le monde.,01_Greetings_Politeness_Meeting_People/751_hello_ex2.m4a
01_Greetings_Politeness_Meeting_People,752,word,good evening,bonsoir,01_Greetings_Politeness_Meeting_People/752_good_evening.m4a
01_Greetings_Politeness_Meeting_People,752,sentence1,"Good evening, everyone.",Bonsoir tout le monde.,01_Greetings_Politeness_Meeting_People/752_good_evening_ex1.m4a
01_Greetings_Politeness_Meeting_People,752,sentence2,He said good evening as he entered.,Il a dit bonsoir en entrant.,01_Greetings_Politeness_Meeting_People/752_good_evening_ex2.m4a
01_Greetings_Politeness_Meeting_People,753,word,hi,salut,01_Greetings_Politeness_Meeting_People/753_hi.m4a
01_Greetings_Politeness_Meeting_People,753,sentence1,"Hi, how's it going?","Salut, comment ça va ?",01_Greetings_Politeness_Meeting_People/753_hi_ex1.m4a
01_Greetings_Politeness_Meeting_People,753,sentence2,She waved and said hi.,Elle a fait signe et a dit salut.,01_Greetings_Politeness_Meeting_People/753_hi_ex2.m4a
01_Greetings_Politeness_Meeting_People,754,word,goodbye,au revoir,01_Greetings_Politeness_Meeting_People/754_goodbye.m4a
01_Greetings_Politeness_Meeting_People,754,sentence1,I said goodbye at the airport.,J'ai dit au revoir à l'aéroport.,01_Greetings_Politeness_Meeting_People/754_goodbye_ex1.m4a
01_Greetings_Politeness_Meeting_People,754,sentence2,She waved goodbye from the window.,Elle a fait un signe d'au revoir depuis la fenêtre.,01_Greetings_Politeness_Meeting_People/754_goodbye_ex2.m4a
01_Greetings_Politeness_Meeting_People,755,word,see you soon,à bientôt,01_Greetings_Politeness_Meeting_People/755_see_you_soon.m4a
01_Greetings_Politeness_Meeting_People,755,sentence1,"See you soon, take care.","À bientôt, prends soin de toi.",01_Greetings_Politeness_Meeting_People/755_see_you_soon_ex1.m4a
01_Greetings_Politeness_Meeting_People,755,sentence2,She said see you soon before leaving.,Elle a dit à bientôt avant de partir.,01_Greetings_Politeness_Meeting_People/755_see_you_soon_ex2.m4a
01_Greetings_Politeness_Meeting_People,756,word,please,s'il vous plaît / s'il te plaît,01_Greetings_Politeness_Meeting_People/756_please.m4a
01_Greetings_Politeness_Meeting_People,756,sentence1,Please close the door.,"Ferme la porte, s'il te plaît.",01_Greetings_Politeness_Meeting_People/756_please_ex1.m4a
01_Greetings_Politeness_Meeting_People,756,sentence2,"Could you help me, please?","Pourrais-tu m'aider, s'il te plaît ?",01_Greetings_Politeness_Meeting_People/756_please_ex2.m4a
01_Greetings_Politeness_Meeting_People,757,word,thank you,merci,01_Greetings_Politeness_Meeting_People/757_thank_you.m4a
01_Greetings_Politeness_Meeting_People,757,sentence1,Thank you for your help.,Merci pour ton aide.,01_Greetings_Politeness_Meeting_People/757_thank_you_ex1.m4a
01_Greetings_Politeness_Meeting_People,757,sentence2,She said thank you with a smile.,Elle a dit merci avec un sourire.,01_Greetings_Politeness_Meeting_People/757_thank_you_ex2.m4a
01_Greetings_Politeness_Meeting_People,758,word,you're welcome,de rien / je vous en prie,01_Greetings_Politeness_Meeting_People/758_youre_welcome.m4a
01_Greetings_Politeness_Meeting_People,758,sentence1,"You're welcome, it was my pleasure.","De rien, ça m'a fait plaisir.",01_Greetings_Politeness_Meeting_People/758_youre_welcome_ex1.m4a
01_Greetings_Politeness_Meeting_People,758,sentence2,"You're welcome, anytime.","De rien, à n'importe quel moment.",01_Greetings_Politeness_Meeting_People/758_youre_welcome_ex2.m4a
01_Greetings_Politeness_Meeting_People,759,word,sorry,désolé / désolée,01_Greetings_Politeness_Meeting_People/759_sorry.m4a
01_Greetings_Politeness_Meeting_People,759,sentence1,I'm sorry for being late.,Je suis désolé d'être en retard.,01_Greetings_Politeness_Meeting_People/759_sorry_ex1.m4a
01_Greetings_Politeness_Meeting_People,759,sentence2,She said sorry for the mistake.,Elle a dit qu'elle était désolée pour l'erreur.,01_Greetings_Politeness_Meeting_People/759_sorry_ex2.m4a
01_Greetings_Politeness_Meeting_People,760,word,excuse me,excusez-moi / pardon,01_Greetings_Politeness_Meeting_People/760_excuse_me.m4a
01_Greetings_Politeness_Meeting_People,760,sentence1,"Excuse me, where is the bathroom?","Excusez-moi, où sont les toilettes ?",01_Greetings_Politeness_Meeting_People/760_excuse_me_ex1.m4a
01_Greetings_Politeness_Meeting_People,760,sentence2,"Excuse me, can I get through?","Pardon, puis-je passer ?",01_Greetings_Politeness_Meeting_People/760_excuse_me_ex2.m4a
01_Greetings_Politeness_Meeting_People,761,word,yes,oui,01_Greetings_Politeness_Meeting_People/761_yes.m4a
01_Greetings_Politeness_Meeting_People,761,sentence1,"Yes, I would love to come.","Oui, j'aimerais beaucoup venir.",01_Greetings_Politeness_Meeting_People/761_yes_ex1.m4a
01_Greetings_Politeness_Meeting_People,761,sentence2,She answered yes without hesitation.,Elle a répondu oui sans hésiter.,01_Greetings_Politeness_Meeting_People/761_yes_ex2.m4a
01_Greetings_Politeness_Meeting_People,762,word,no,non,01_Greetings_Politeness_Meeting_People/762_no.m4a
01_Greetings_Politeness_Meeting_People,762,sentence1,"No, I don't think so.","Non, je ne pense pas.",01_Greetings_Politeness_Meeting_People/762_no_ex1.m4a
01_Greetings_Politeness_Meeting_People,762,sentence2,She shook her head and said no.,Elle a secoué la tête et a dit non.,01_Greetings_Politeness_Meeting_People/762_no_ex2.m4a
01_Greetings_Politeness_Meeting_People,763,word,welcome,bienvenue,01_Greetings_Politeness_Meeting_People/763_welcome.m4a
01_Greetings_Politeness_Meeting_People,763,sentence1,Welcome to our home.,Bienvenue chez nous.,01_Greetings_Politeness_Meeting_People/763_welcome_ex1.m4a
01_Greetings_Politeness_Meeting_People,763,sentence2,She welcomed us with a big smile.,Elle nous a accueillis avec un grand sourire.,01_Greetings_Politeness_Meeting_People/763_welcome_ex2.m4a
01_Greetings_Politeness_Meeting_People,764,word,Mr. / sir,monsieur,01_Greetings_Politeness_Meeting_People/764_mr_sir.m4a
01_Greetings_Politeness_Meeting_People,764,sentence1,"Good morning, Mr. Dupont.","Bonjour, monsieur Dupont.",01_Greetings_Politeness_Meeting_People/764_mr_sir_ex1.m4a
01_Greetings_Politeness_Meeting_People,764,sentence2,"Excuse me, sir, may I help you?","Excusez-moi, monsieur, puis-je vous aider ?",01_Greetings_Politeness_Meeting_People/764_mr_sir_ex2.m4a
01_Greetings_Politeness_Meeting_People,765,word,Mrs. / madam,madame,01_Greetings_Politeness_Meeting_People/765_mrs_madam.m4a
01_Greetings_Politeness_Meeting_People,765,sentence1,"Good morning, Mrs. Dupont.","Bonjour, madame Dupont.",01_Greetings_Politeness_Meeting_People/765_mrs_madam_ex1.m4a
01_Greetings_Politeness_Meeting_People,765,sentence2,"Excuse me, madam, may I help you?","Excusez-moi, madame, puis-je vous aider ?",01_Greetings_Politeness_Meeting_People/765_mrs_madam_ex2.m4a
01_Greetings_Politeness_Meeting_People,766,word,Miss,mademoiselle,01_Greetings_Politeness_Meeting_People/766_miss.m4a
01_Greetings_Politeness_Meeting_People,766,sentence1,"Good morning, Miss Dubois.","Bonjour, mademoiselle Dubois.",01_Greetings_Politeness_Meeting_People/766_miss_ex1.m4a
01_Greetings_Politeness_Meeting_People,766,sentence2,"Excuse me, miss, may I help you?","Excusez-moi, mademoiselle, puis-je vous aider ?",01_Greetings_Politeness_Meeting_People/766_miss_ex2.m4a
02_Pronouns_Articles_Etre,1,word,I,je,02_Pronouns_Articles_Etre/001_i.m4a
02_Pronouns_Articles_Etre,1,sentence1,I am happy today.,Je suis heureux aujourd'hui.,02_Pronouns_Articles_Etre/001_i_ex1.m4a
02_Pronouns_Articles_Etre,1,sentence2,I live in a small house.,J'habite dans une petite maison.,02_Pronouns_Articles_Etre/001_i_ex2.m4a
02_Pronouns_Articles_Etre,2,word,you,tu / vous,02_Pronouns_Articles_Etre/002_you.m4a
02_Pronouns_Articles_Etre,2,sentence1,You are my best friend.,Tu es mon meilleur ami.,02_Pronouns_Articles_Etre/002_you_ex1.m4a
02_Pronouns_Articles_Etre,2,sentence2,You look tired today.,Tu as l'air fatigué aujourd'hui.,02_Pronouns_Articles_Etre/002_you_ex2.m4a
02_Pronouns_Articles_Etre,3,word,he,il,02_Pronouns_Articles_Etre/003_he.m4a
02_Pronouns_Articles_Etre,3,sentence1,He is a doctor.,Il est médecin.,02_Pronouns_Articles_Etre/003_he_ex1.m4a
02_Pronouns_Articles_Etre,3,sentence2,He works every day.,Il travaille tous les jours.,02_Pronouns_Articles_Etre/003_he_ex2.m4a
02_Pronouns_Articles_Etre,4,word,she,elle,02_Pronouns_Articles_Etre/004_she.m4a
02_Pronouns_Articles_Etre,4,sentence1,She is a teacher.,Elle est professeure.,02_Pronouns_Articles_Etre/004_she_ex1.m4a
02_Pronouns_Articles_Etre,4,sentence2,She sings very well.,Elle chante très bien.,02_Pronouns_Articles_Etre/004_she_ex2.m4a
02_Pronouns_Articles_Etre,5,word,it,il / elle (ça),02_Pronouns_Articles_Etre/005_it.m4a
02_Pronouns_Articles_Etre,5,sentence1,It is raining outside.,Il pleut dehors.,02_Pronouns_Articles_Etre/005_it_ex1.m4a
02_Pronouns_Articles_Etre,5,sentence2,It is a good idea.,C'est une bonne idée.,02_Pronouns_Articles_Etre/005_it_ex2.m4a
02_Pronouns_Articles_Etre,6,word,we,nous,02_Pronouns_Articles_Etre/006_we.m4a
02_Pronouns_Articles_Etre,6,sentence1,We are friends.,Nous sommes amis.,02_Pronouns_Articles_Etre/006_we_ex1.m4a
02_Pronouns_Articles_Etre,6,sentence2,We live in the same city.,Nous habitons dans la même ville.,02_Pronouns_Articles_Etre/006_we_ex2.m4a
02_Pronouns_Articles_Etre,7,word,they,ils / elles,02_Pronouns_Articles_Etre/007_they.m4a
02_Pronouns_Articles_Etre,7,sentence1,They are students.,Ils sont étudiants.,02_Pronouns_Articles_Etre/007_they_ex1.m4a
02_Pronouns_Articles_Etre,7,sentence2,They live in a small village.,Ils habitent dans un petit village.,02_Pronouns_Articles_Etre/007_they_ex2.m4a
02_Pronouns_Articles_Etre,8,word,me,moi,02_Pronouns_Articles_Etre/008_me.m4a
02_Pronouns_Articles_Etre,8,sentence1,"Give me the book, please.","Donne-moi le livre, s'il te plaît.",02_Pronouns_Articles_Etre/008_me_ex1.m4a
02_Pronouns_Articles_Etre,8,sentence2,She called me yesterday.,Elle m'a appelé hier.,02_Pronouns_Articles_Etre/008_me_ex2.m4a
02_Pronouns_Articles_Etre,9,word,him,lui,02_Pronouns_Articles_Etre/009_him.m4a
02_Pronouns_Articles_Etre,9,sentence1,I saw him at the store.,Je l'ai vu au magasin.,02_Pronouns_Articles_Etre/009_him_ex1.m4a
02_Pronouns_Articles_Etre,9,sentence2,She gave him a present.,Elle lui a donné un cadeau.,02_Pronouns_Articles_Etre/009_him_ex2.m4a
02_Pronouns_Articles_Etre,10,word,her,elle / la,02_Pronouns_Articles_Etre/010_her.m4a
02_Pronouns_Articles_Etre,10,sentence1,I saw her at school.,Je l'ai vue à l'école.,02_Pronouns_Articles_Etre/010_her_ex1.m4a
02_Pronouns_Articles_Etre,10,sentence2,He gave her a book.,Il lui a donné un livre.,02_Pronouns_Articles_Etre/010_her_ex2.m4a
02_Pronouns_Articles_Etre,11,word,us,nous,02_Pronouns_Articles_Etre/011_us.m4a
02_Pronouns_Articles_Etre,11,sentence1,They invited us to dinner.,Ils nous ont invités à dîner.,02_Pronouns_Articles_Etre/011_us_ex1.m4a
02_Pronouns_Articles_Etre,11,sentence2,She helped us with the project.,Elle nous a aidés avec le projet.,02_Pronouns_Articles_Etre/011_us_ex2.m4a
02_Pronouns_Articles_Etre,12,word,them,eux / elles,02_Pronouns_Articles_Etre/012_them.m4a
02_Pronouns_Articles_Etre,12,sentence1,I saw them at the market.,Je les ai vus au marché.,02_Pronouns_Articles_Etre/012_them_ex1.m4a
02_Pronouns_Articles_Etre,12,sentence2,We invited them to the party.,Nous les avons invités à la fête.,02_Pronouns_Articles_Etre/012_them_ex2.m4a
02_Pronouns_Articles_Etre,13,word,my,mon / ma / mes,02_Pronouns_Articles_Etre/013_my.m4a
02_Pronouns_Articles_Etre,13,sentence1,This is my house.,C'est ma maison.,02_Pronouns_Articles_Etre/013_my_ex1.m4a
02_Pronouns_Articles_Etre,13,sentence2,My brother lives in Paris.,Mon frère habite à Paris.,02_Pronouns_Articles_Etre/013_my_ex2.m4a
02_Pronouns_Articles_Etre,14,word,your,ton / ta / tes,02_Pronouns_Articles_Etre/014_your.m4a
02_Pronouns_Articles_Etre,14,sentence1,What is your name?,Quel est ton nom ?,02_Pronouns_Articles_Etre/014_your_ex1.m4a
02_Pronouns_Articles_Etre,14,sentence2,Your house is beautiful.,Ta maison est belle.,02_Pronouns_Articles_Etre/014_your_ex2.m4a
02_Pronouns_Articles_Etre,15,word,his,son / sa / ses,02_Pronouns_Articles_Etre/015_his.m4a
02_Pronouns_Articles_Etre,15,sentence1,This is his car.,C'est sa voiture.,02_Pronouns_Articles_Etre/015_his_ex1.m4a
02_Pronouns_Articles_Etre,15,sentence2,His brother is a doctor.,Son frère est médecin.,02_Pronouns_Articles_Etre/015_his_ex2.m4a
02_Pronouns_Articles_Etre,16,word,its,son / sa / ses,02_Pronouns_Articles_Etre/016_its.m4a
02_Pronouns_Articles_Etre,16,sentence1,The dog wagged its tail.,Le chien a remué sa queue.,02_Pronouns_Articles_Etre/016_its_ex1.m4a
02_Pronouns_Articles_Etre,16,sentence2,The company changed its policy.,L'entreprise a changé sa politique.,02_Pronouns_Articles_Etre/016_its_ex2.m4a
02_Pronouns_Articles_Etre,17,word,our,notre / nos,02_Pronouns_Articles_Etre/017_our.m4a
02_Pronouns_Articles_Etre,17,sentence1,This is our house.,C'est notre maison.,02_Pronouns_Articles_Etre/017_our_ex1.m4a
02_Pronouns_Articles_Etre,17,sentence2,Our teacher is very kind.,Notre professeur est très gentil.,02_Pronouns_Articles_Etre/017_our_ex2.m4a
02_Pronouns_Articles_Etre,18,word,their,leur / leurs,02_Pronouns_Articles_Etre/018_their.m4a
02_Pronouns_Articles_Etre,18,sentence1,This is their house.,C'est leur maison.,02_Pronouns_Articles_Etre/018_their_ex1.m4a
02_Pronouns_Articles_Etre,18,sentence2,Their teacher is very strict.,Leur professeur est très strict.,02_Pronouns_Articles_Etre/018_their_ex2.m4a
02_Pronouns_Articles_Etre,19,word,this,ce / cette,02_Pronouns_Articles_Etre/019_this.m4a
02_Pronouns_Articles_Etre,19,sentence1,This is my house.,Ceci est ma maison.,02_Pronouns_Articles_Etre/019_this_ex1.m4a
02_Pronouns_Articles_Etre,19,sentence2,This book is interesting.,Ce livre est intéressant.,02_Pronouns_Articles_Etre/019_this_ex2.m4a
02_Pronouns_Articles_Etre,20,word,that,ce / cette / cela,02_Pronouns_Articles_Etre/020_that.m4a
02_Pronouns_Articles_Etre,20,sentence1,That is my car.,C'est ma voiture.,02_Pronouns_Articles_Etre/020_that_ex1.m4a
02_Pronouns_Articles_Etre,20,sentence2,That book was very interesting.,Ce livre-là était très intéressant.,02_Pronouns_Articles_Etre/020_that_ex2.m4a
02_Pronouns_Articles_Etre,21,word,these,ces,02_Pronouns_Articles_Etre/021_these.m4a
02_Pronouns_Articles_Etre,21,sentence1,These books are mine.,Ces livres sont à moi.,02_Pronouns_Articles_Etre/021_these_ex1.m4a
02_Pronouns_Articles_Etre,21,sentence2,These shoes are too small.,Ces chaussures sont trop petites.,02_Pronouns_Articles_Etre/021_these_ex2.m4a
02_Pronouns_Articles_Etre,22,word,those,ces (là),02_Pronouns_Articles_Etre/022_those.m4a
02_Pronouns_Articles_Etre,22,sentence1,Those houses are old.,Ces maisons-là sont vieilles.,02_Pronouns_Articles_Etre/022_those_ex1.m4a
02_Pronouns_Articles_Etre,22,sentence2,I remember those days.,Je me souviens de ces jours-là.,02_Pronouns_Articles_Etre/022_those_ex2.m4a
02_Pronouns_Articles_Etre,23,word,who,qui,02_Pronouns_Articles_Etre/023_who.m4a
02_Pronouns_Articles_Etre,23,sentence1,Who is that man?,Qui est cet homme ?,02_Pronouns_Articles_Etre/023_who_ex1.m4a
02_Pronouns_Articles_Etre,23,sentence2,Who called you yesterday?,Qui t'a appelé hier ?,02_Pronouns_Articles_Etre/023_who_ex2.m4a
02_Pronouns_Articles_Etre,24,word,what,quoi / que,02_Pronouns_Articles_Etre/024_what.m4a
02_Pronouns_Articles_Etre,24,sentence1,What is your name?,Comment tu t'appelles ?,02_Pronouns_Articles_Etre/024_what_ex1.m4a
02_Pronouns_Articles_Etre,24,sentence2,What do you want?,Que veux-tu ?,02_Pronouns_Articles_Etre/024_what_ex2.m4a
02_Pronouns_Articles_Etre,25,word,which,quel / lequel,02_Pronouns_Articles_Etre/025_which.m4a
02_Pronouns_Articles_Etre,25,sentence1,Which book do you prefer?,Quel livre préfères-tu ?,02_Pronouns_Articles_Etre/025_which_ex1.m4a
02_Pronouns_Articles_Etre,25,sentence2,Which one is yours?,Lequel est le tien ?,02_Pronouns_Articles_Etre/025_which_ex2.m4a
02_Pronouns_Articles_Etre,26,word,whose,à qui / dont,02_Pronouns_Articles_Etre/026_whose.m4a
02_Pronouns_Articles_Etre,26,sentence1,Whose book is this?,À qui est ce livre ?,02_Pronouns_Articles_Etre/026_whose_ex1.m4a
02_Pronouns_Articles_Etre,26,sentence2,Whose car is parked outside?,À qui est la voiture garée dehors ?,02_Pronouns_Articles_Etre/026_whose_ex2.m4a
02_Pronouns_Articles_Etre,27,word,someone,quelqu'un,02_Pronouns_Articles_Etre/027_someone.m4a
02_Pronouns_Articles_Etre,27,sentence1,Someone called you this morning.,Quelqu'un t'a appelé ce matin.,02_Pronouns_Articles_Etre/027_someone_ex1.m4a
02_Pronouns_Articles_Etre,27,sentence2,I need someone to help me.,J'ai besoin de quelqu'un pour m'aider.,02_Pronouns_Articles_Etre/027_someone_ex2.m4a
02_Pronouns_Articles_Etre,28,word,something,quelque chose,02_Pronouns_Articles_Etre/028_something.m4a
02_Pronouns_Articles_Etre,28,sentence1,I have something for you.,J'ai quelque chose pour toi.,02_Pronouns_Articles_Etre/028_something_ex1.m4a
02_Pronouns_Articles_Etre,28,sentence2,Something smells good.,Quelque chose sent bon.,02_Pronouns_Articles_Etre/028_something_ex2.m4a
02_Pronouns_Articles_Etre,29,word,anyone,n'importe qui,02_Pronouns_Articles_Etre/029_anyone.m4a
02_Pronouns_Articles_Etre,29,sentence1,Anyone can learn French.,N'importe qui peut apprendre le français.,02_Pronouns_Articles_Etre/029_anyone_ex1.m4a
02_Pronouns_Articles_Etre,29,sentence2,Is anyone home?,Y a-t-il quelqu'un à la maison ?,02_Pronouns_Articles_Etre/029_anyone_ex2.m4a
02_Pronouns_Articles_Etre,30,word,anything,n'importe quoi,02_Pronouns_Articles_Etre/030_anything.m4a
02_Pronouns_Articles_Etre,30,sentence1,You can ask me anything.,Tu peux me demander n'importe quoi.,02_Pronouns_Articles_Etre/030_anything_ex1.m4a
02_Pronouns_Articles_Etre,30,sentence2,I don't need anything right now.,Je n'ai besoin de rien pour le moment.,02_Pronouns_Articles_Etre/030_anything_ex2.m4a
02_Pronouns_Articles_Etre,31,word,everyone,tout le monde,02_Pronouns_Articles_Etre/031_everyone.m4a
02_Pronouns_Articles_Etre,31,sentence1,Everyone is welcome here.,Tout le monde est le bienvenu ici.,02_Pronouns_Articles_Etre/031_everyone_ex1.m4a
02_Pronouns_Articles_Etre,31,sentence2,Everyone likes this song.,Tout le monde aime cette chanson.,02_Pronouns_Articles_Etre/031_everyone_ex2.m4a
02_Pronouns_Articles_Etre,32,word,everything,tout,02_Pronouns_Articles_Etre/032_everything.m4a
02_Pronouns_Articles_Etre,32,sentence1,Everything is fine.,Tout va bien.,02_Pronouns_Articles_Etre/032_everything_ex1.m4a
02_Pronouns_Articles_Etre,32,sentence2,I lost everything.,J'ai tout perdu.,02_Pronouns_Articles_Etre/032_everything_ex2.m4a
02_Pronouns_Articles_Etre,33,word,no one,personne,02_Pronouns_Articles_Etre/033_no_one.m4a
02_Pronouns_Articles_Etre,33,sentence1,No one answered the phone.,Personne n'a répondu au téléphone.,02_Pronouns_Articles_Etre/033_no_one_ex1.m4a
02_Pronouns_Articles_Etre,33,sentence2,No one knows the truth.,Personne ne connaît la vérité.,02_Pronouns_Articles_Etre/033_no_one_ex2.m4a
02_Pronouns_Articles_Etre,34,word,nothing,rien,02_Pronouns_Articles_Etre/034_nothing.m4a
02_Pronouns_Articles_Etre,34,sentence1,Nothing happened today.,Rien ne s'est passé aujourd'hui.,02_Pronouns_Articles_Etre/034_nothing_ex1.m4a
02_Pronouns_Articles_Etre,34,sentence2,There is nothing here.,Il n'y a rien ici.,02_Pronouns_Articles_Etre/034_nothing_ex2.m4a
02_Pronouns_Articles_Etre,35,word,each,chaque,02_Pronouns_Articles_Etre/035_each.m4a
02_Pronouns_Articles_Etre,35,sentence1,Each student has a book.,Chaque étudiant a un livre.,02_Pronouns_Articles_Etre/035_each_ex1.m4a
02_Pronouns_Articles_Etre,35,sentence2,I visit my mother each week.,Je rends visite à ma mère chaque semaine.,02_Pronouns_Articles_Etre/035_each_ex2.m4a
02_Pronouns_Articles_Etre,36,word,every,chaque,02_Pronouns_Articles_Etre/036_every.m4a
02_Pronouns_Articles_Etre,36,sentence1,I go to the gym every day.,Je vais à la salle de sport chaque jour.,02_Pronouns_Articles_Etre/036_every_ex1.m4a
02_Pronouns_Articles_Etre,36,sentence2,Every child needs love.,Chaque enfant a besoin d'amour.,02_Pronouns_Articles_Etre/036_every_ex2.m4a
02_Pronouns_Articles_Etre,37,word,all,tout / tous,02_Pronouns_Articles_Etre/037_all.m4a
02_Pronouns_Articles_Etre,37,sentence1,All the students arrived early.,Tous les étudiants sont arrivés tôt.,02_Pronouns_Articles_Etre/037_all_ex1.m4a
02_Pronouns_Articles_Etre,37,sentence2,I ate all the bread.,J'ai mangé tout le pain.,02_Pronouns_Articles_Etre/037_all_ex2.m4a
02_Pronouns_Articles_Etre,38,word,some,quelque(s),02_Pronouns_Articles_Etre/038_some.m4a
02_Pronouns_Articles_Etre,38,sentence1,I need some water.,J'ai besoin d'un peu d'eau.,02_Pronouns_Articles_Etre/038_some_ex1.m4a
02_Pronouns_Articles_Etre,38,sentence2,Some students arrived late.,Quelques étudiants sont arrivés en retard.,02_Pronouns_Articles_Etre/038_some_ex2.m4a
02_Pronouns_Articles_Etre,39,word,any,n'importe quel / aucun,02_Pronouns_Articles_Etre/039_any.m4a
02_Pronouns_Articles_Etre,39,sentence1,Do you have any questions?,As-tu des questions ?,02_Pronouns_Articles_Etre/039_any_ex1.m4a
02_Pronouns_Articles_Etre,39,sentence2,I don't have any money.,Je n'ai pas d'argent.,02_Pronouns_Articles_Etre/039_any_ex2.m4a
02_Pronouns_Articles_Etre,40,word,none,aucun,02_Pronouns_Articles_Etre/040_none.m4a
02_Pronouns_Articles_Etre,40,sentence1,None of the students answered.,Aucun des étudiants n'a répondu.,02_Pronouns_Articles_Etre/040_none_ex1.m4a
02_Pronouns_Articles_Etre,40,sentence2,None of this makes sense.,Rien de tout cela n'a de sens.,02_Pronouns_Articles_Etre/040_none_ex2.m4a
02_Pronouns_Articles_Etre,41,word,other,autre,02_Pronouns_Articles_Etre/041_other.m4a
02_Pronouns_Articles_Etre,41,sentence1,I have no other choice.,Je n'ai pas d'autre choix.,02_Pronouns_Articles_Etre/041_other_ex1.m4a
02_Pronouns_Articles_Etre,41,sentence2,The other students left early.,Les autres étudiants sont partis tôt.,02_Pronouns_Articles_Etre/041_other_ex2.m4a
02_Pronouns_Articles_Etre,42,word,another,un autre,02_Pronouns_Articles_Etre/042_another.m4a
02_Pronouns_Articles_Etre,42,sentence1,Can I have another coffee?,Puis-je avoir un autre café ?,02_Pronouns_Articles_Etre/042_another_ex1.m4a
02_Pronouns_Articles_Etre,42,sentence2,Let's try another approach.,Essayons une autre approche.,02_Pronouns_Articles_Etre/042_another_ex2.m4a
02_Pronouns_Articles_Etre,43,word,both,les deux,02_Pronouns_Articles_Etre/043_both.m4a
02_Pronouns_Articles_Etre,43,sentence1,Both of us agree.,Nous sommes d'accord tous les deux.,02_Pronouns_Articles_Etre/043_both_ex1.m4a
02_Pronouns_Articles_Etre,43,sentence2,I like both colors.,J'aime les deux couleurs.,02_Pronouns_Articles_Etre/043_both_ex2.m4a
02_Pronouns_Articles_Etre,44,word,either,l'un ou l'autre,02_Pronouns_Articles_Etre/044_either.m4a
02_Pronouns_Articles_Etre,44,sentence1,You can choose either option.,Tu peux choisir l'une ou l'autre option.,02_Pronouns_Articles_Etre/044_either_ex1.m4a
02_Pronouns_Articles_Etre,44,sentence2,I don't like either color.,Je n'aime ni l'une ni l'autre couleur.,02_Pronouns_Articles_Etre/044_either_ex2.m4a
02_Pronouns_Articles_Etre,45,word,neither,ni l'un ni l'autre,02_Pronouns_Articles_Etre/045_neither.m4a
02_Pronouns_Articles_Etre,45,sentence1,Neither of us knew the answer.,Ni l'un ni l'autre ne connaissait la réponse.,02_Pronouns_Articles_Etre/045_neither_ex1.m4a
02_Pronouns_Articles_Etre,45,sentence2,Neither option seems good.,Aucune des deux options ne semble bonne.,02_Pronouns_Articles_Etre/045_neither_ex2.m4a
02_Pronouns_Articles_Etre,46,word,many,beaucoup (de),02_Pronouns_Articles_Etre/046_many.m4a
02_Pronouns_Articles_Etre,46,sentence1,There are many people here.,Il y a beaucoup de gens ici.,02_Pronouns_Articles_Etre/046_many_ex1.m4a
02_Pronouns_Articles_Etre,46,sentence2,I have many friends.,J'ai beaucoup d'amis.,02_Pronouns_Articles_Etre/046_many_ex2.m4a
02_Pronouns_Articles_Etre,47,word,much,beaucoup (de),02_Pronouns_Articles_Etre/047_much.m4a
02_Pronouns_Articles_Etre,47,sentence1,I don't have much time.,Je n'ai pas beaucoup de temps.,02_Pronouns_Articles_Etre/047_much_ex1.m4a
02_Pronouns_Articles_Etre,47,sentence2,How much does this cost?,Combien ça coûte ?,02_Pronouns_Articles_Etre/047_much_ex2.m4a
02_Pronouns_Articles_Etre,48,word,few,peu (de),02_Pronouns_Articles_Etre/048_few.m4a
02_Pronouns_Articles_Etre,48,sentence1,I have a few friends here.,J'ai quelques amis ici.,02_Pronouns_Articles_Etre/048_few_ex1.m4a
02_Pronouns_Articles_Etre,48,sentence2,Few people understand this problem.,Peu de gens comprennent ce problème.,02_Pronouns_Articles_Etre/048_few_ex2.m4a
02_Pronouns_Articles_Etre,49,word,little,peu (de) / petit,02_Pronouns_Articles_Etre/049_little.m4a
02_Pronouns_Articles_Etre,49,sentence1,I have little time today.,J'ai peu de temps aujourd'hui.,02_Pronouns_Articles_Etre/049_little_ex1.m4a
02_Pronouns_Articles_Etre,49,sentence2,She speaks little English.,Elle parle peu anglais.,02_Pronouns_Articles_Etre/049_little_ex2.m4a
02_Pronouns_Articles_Etre,50,word,several,plusieurs,02_Pronouns_Articles_Etre/050_several.m4a
02_Pronouns_Articles_Etre,50,sentence1,I have several questions.,J'ai plusieurs questions.,02_Pronouns_Articles_Etre/050_several_ex1.m4a
02_Pronouns_Articles_Etre,50,sentence2,We visited several cities in France.,Nous avons visité plusieurs villes en France.,02_Pronouns_Articles_Etre/050_several_ex2.m4a
02_Pronouns_Articles_Etre,51,word,a,un / une,02_Pronouns_Articles_Etre/051_a.m4a
02_Pronouns_Articles_Etre,51,sentence1,I have a dog.,J'ai un chien.,02_Pronouns_Articles_Etre/051_a_ex1.m4a
02_Pronouns_Articles_Etre,51,sentence2,She bought a new car.,Elle a acheté une nouvelle voiture.,02_Pronouns_Articles_Etre/051_a_ex2.m4a
02_Pronouns_Articles_Etre,52,word,an,un / une,02_Pronouns_Articles_Etre/052_an.m4a
02_Pronouns_Articles_Etre,52,sentence1,I ate an apple.,J'ai mangé une pomme.,02_Pronouns_Articles_Etre/052_an_ex1.m4a
02_Pronouns_Articles_Etre,52,sentence2,She is an engineer.,Elle est ingénieure.,02_Pronouns_Articles_Etre/052_an_ex2.m4a
02_Pronouns_Articles_Etre,53,word,the,le / la / les,02_Pronouns_Articles_Etre/053_the.m4a
02_Pronouns_Articles_Etre,53,sentence1,The sun is shining.,Le soleil brille.,02_Pronouns_Articles_Etre/053_the_ex1.m4a
02_Pronouns_Articles_Etre,53,sentence2,The children are playing outside.,Les enfants jouent dehors.,02_Pronouns_Articles_Etre/053_the_ex2.m4a
02_Pronouns_Articles_Etre,54,word,and,et,02_Pronouns_Articles_Etre/054_and.m4a
02_Pronouns_Articles_Etre,54,sentence1,I like tea and coffee.,J'aime le thé et le café.,02_Pronouns_Articles_Etre/054_and_ex1.m4a
02_Pronouns_Articles_Etre,54,sentence2,She is smart and kind.,Elle est intelligente et gentille.,02_Pronouns_Articles_Etre/054_and_ex2.m4a
02_Pronouns_Articles_Etre,55,word,or,ou,02_Pronouns_Articles_Etre/055_or.m4a
02_Pronouns_Articles_Etre,55,sentence1,Do you want tea or coffee?,Veux-tu du thé ou du café ?,02_Pronouns_Articles_Etre/055_or_ex1.m4a
02_Pronouns_Articles_Etre,55,sentence2,You can walk or take the bus.,Tu peux marcher ou prendre le bus.,02_Pronouns_Articles_Etre/055_or_ex2.m4a
02_Pronouns_Articles_Etre,56,word,but,mais,02_Pronouns_Articles_Etre/056_but.m4a
02_Pronouns_Articles_Etre,56,sentence1,"I want to go, but I'm tired.","Je veux y aller, mais je suis fatigué.",02_Pronouns_Articles_Etre/056_but_ex1.m4a
02_Pronouns_Articles_Etre,56,sentence2,She is small but strong.,Elle est petite mais forte.,02_Pronouns_Articles_Etre/056_but_ex2.m4a
02_Pronouns_Articles_Etre,57,word,so,donc / alors,02_Pronouns_Articles_Etre/057_so.m4a
02_Pronouns_Articles_Etre,57,sentence1,"I was tired, so I went to bed.","J'étais fatigué, alors je suis allé me coucher.",02_Pronouns_Articles_Etre/057_so_ex1.m4a
02_Pronouns_Articles_Etre,57,sentence2,"It was raining, so we stayed home.","Il pleuvait, donc nous sommes restés à la maison.",02_Pronouns_Articles_Etre/057_so_ex2.m4a
02_Pronouns_Articles_Etre,58,word,because,parce que,02_Pronouns_Articles_Etre/058_because.m4a
02_Pronouns_Articles_Etre,58,sentence1,I stayed home because I was sick.,Je suis resté à la maison parce que j'étais malade.,02_Pronouns_Articles_Etre/058_because_ex1.m4a
02_Pronouns_Articles_Etre,58,sentence2,She smiled because she was happy.,Elle a souri parce qu'elle était heureuse.,02_Pronouns_Articles_Etre/058_because_ex2.m4a
02_Pronouns_Articles_Etre,59,word,if,si,02_Pronouns_Articles_Etre/059_if.m4a
02_Pronouns_Articles_Etre,59,sentence1,"If it rains, we will stay home.","S'il pleut, nous resterons à la maison.",02_Pronouns_Articles_Etre/059_if_ex1.m4a
02_Pronouns_Articles_Etre,59,sentence2,I will help you if you need it.,Je t'aiderai si tu en as besoin.,02_Pronouns_Articles_Etre/059_if_ex2.m4a
02_Pronouns_Articles_Etre,60,word,although,bien que,02_Pronouns_Articles_Etre/060_although.m4a
02_Pronouns_Articles_Etre,60,sentence1,"Although it was raining, we went out.","Bien qu'il pleuve, nous sommes sortis.",02_Pronouns_Articles_Etre/060_although_ex1.m4a
02_Pronouns_Articles_Etre,60,sentence2,"Although she was tired, she finished the work.","Bien qu'elle soit fatiguée, elle a fini le travail.",02_Pronouns_Articles_Etre/060_although_ex2.m4a
02_Pronouns_Articles_Etre,61,word,while,pendant que,02_Pronouns_Articles_Etre/061_while.m4a
02_Pronouns_Articles_Etre,61,sentence1,I read a book while waiting for the bus.,J'ai lu un livre pendant que j'attendais le bus.,02_Pronouns_Articles_Etre/061_while_ex1.m4a
02_Pronouns_Articles_Etre,61,sentence2,She called me while I was cooking.,Elle m'a appelé pendant que je cuisinais.,02_Pronouns_Articles_Etre/061_while_ex2.m4a
02_Pronouns_Articles_Etre,62,word,when,quand,02_Pronouns_Articles_Etre/062_when.m4a
02_Pronouns_Articles_Etre,62,sentence1,When did you arrive?,Quand es-tu arrivé ?,02_Pronouns_Articles_Etre/062_when_ex1.m4a
02_Pronouns_Articles_Etre,62,sentence2,I will call you when I get home.,Je t'appellerai quand je rentrerai à la maison.,02_Pronouns_Articles_Etre/062_when_ex2.m4a
02_Pronouns_Articles_Etre,63,word,where,où,02_Pronouns_Articles_Etre/063_where.m4a
02_Pronouns_Articles_Etre,63,sentence1,Where do you live?,Où habites-tu ?,02_Pronouns_Articles_Etre/063_where_ex1.m4a
02_Pronouns_Articles_Etre,63,sentence2,I don't know where she is.,Je ne sais pas où elle est.,02_Pronouns_Articles_Etre/063_where_ex2.m4a
02_Pronouns_Articles_Etre,64,word,why,pourquoi,02_Pronouns_Articles_Etre/064_why.m4a
02_Pronouns_Articles_Etre,64,sentence1,Why are you late?,Pourquoi es-tu en retard ?,02_Pronouns_Articles_Etre/064_why_ex1.m4a
02_Pronouns_Articles_Etre,64,sentence2,I don't know why she left.,Je ne sais pas pourquoi elle est partie.,02_Pronouns_Articles_Etre/064_why_ex2.m4a
02_Pronouns_Articles_Etre,65,word,how,comment,02_Pronouns_Articles_Etre/065_how.m4a
02_Pronouns_Articles_Etre,65,sentence1,How are you today?,Comment vas-tu aujourd'hui ?,02_Pronouns_Articles_Etre/065_how_ex1.m4a
02_Pronouns_Articles_Etre,65,sentence2,How do you make this dish?,Comment prépares-tu ce plat ?,02_Pronouns_Articles_Etre/065_how_ex2.m4a
02_Pronouns_Articles_Etre,66,word,than,que (comparaison),02_Pronouns_Articles_Etre/066_than.m4a
02_Pronouns_Articles_Etre,66,sentence1,She is taller than me.,Elle est plus grande que moi.,02_Pronouns_Articles_Etre/066_than_ex1.m4a
02_Pronouns_Articles_Etre,66,sentence2,This book is more interesting than that one.,Ce livre est plus intéressant que celui-là.,02_Pronouns_Articles_Etre/066_than_ex2.m4a
02_Pronouns_Articles_Etre,67,word,as,comme,02_Pronouns_Articles_Etre/067_as.m4a
02_Pronouns_Articles_Etre,67,sentence1,She works as a teacher.,Elle travaille comme professeure.,02_Pronouns_Articles_Etre/067_as_ex1.m4a
02_Pronouns_Articles_Etre,67,sentence2,"As I said, the plan changed.","Comme je l'ai dit, le plan a changé.",02_Pronouns_Articles_Etre/067_as_ex2.m4a
02_Pronouns_Articles_Etre,68,word,that (conj.),que,02_Pronouns_Articles_Etre/068_that_conj.m4a
02_Pronouns_Articles_Etre,68,sentence1,I think that she is right.,Je pense qu'elle a raison.,02_Pronouns_Articles_Etre/068_that_conj_ex1.m4a
02_Pronouns_Articles_Etre,68,sentence2,She said that she would come.,Elle a dit qu'elle viendrait.,02_Pronouns_Articles_Etre/068_that_conj_ex2.m4a
02_Pronouns_Articles_Etre,69,word,whether,si (indirect),02_Pronouns_Articles_Etre/069_whether.m4a
02_Pronouns_Articles_Etre,69,sentence1,I don't know whether she will come.,Je ne sais pas si elle viendra.,02_Pronouns_Articles_Etre/069_whether_ex1.m4a
02_Pronouns_Articles_Etre,69,sentence2,She asked whether I was ready.,Elle a demandé si j'étais prêt.,02_Pronouns_Articles_Etre/069_whether_ex2.m4a
02_Pronouns_Articles_Etre,70,word,unless,à moins que,02_Pronouns_Articles_Etre/070_unless.m4a
02_Pronouns_Articles_Etre,70,sentence1,I won't go unless you come with me.,Je n'irai pas à moins que tu viennes avec moi.,02_Pronouns_Articles_Etre/070_unless_ex1.m4a
02_Pronouns_Articles_Etre,70,sentence2,"Unless it rains, we will have the picnic.","À moins qu'il ne pleuve, nous ferons le pique-nique.",02_Pronouns_Articles_Etre/070_unless_ex2.m4a
03_Prepositions_Building_Sentences,71,word,in,dans,03_Prepositions_Building_Sentences/071_in.m4a
03_Prepositions_Building_Sentences,71,sentence1,I live in Paris.,J'habite à Paris.,03_Prepositions_Building_Sentences/071_in_ex1.m4a
03_Prepositions_Building_Sentences,71,sentence2,The book is in my bag.,Le livre est dans mon sac.,03_Prepositions_Building_Sentences/071_in_ex2.m4a
03_Prepositions_Building_Sentences,72,word,on,sur,03_Prepositions_Building_Sentences/072_on.m4a
03_Prepositions_Building_Sentences,72,sentence1,The book is on the table.,Le livre est sur la table.,03_Prepositions_Building_Sentences/072_on_ex1.m4a
03_Prepositions_Building_Sentences,72,sentence2,We met on Monday.,Nous nous sommes rencontrés lundi.,03_Prepositions_Building_Sentences/072_on_ex2.m4a
03_Prepositions_Building_Sentences,73,word,at,à,03_Prepositions_Building_Sentences/073_at.m4a
03_Prepositions_Building_Sentences,73,sentence1,I am at home.,Je suis à la maison.,03_Prepositions_Building_Sentences/073_at_ex1.m4a
03_Prepositions_Building_Sentences,73,sentence2,We arrived at noon.,Nous sommes arrivés à midi.,03_Prepositions_Building_Sentences/073_at_ex2.m4a
03_Prepositions_Building_Sentences,74,word,to,à / vers,03_Prepositions_Building_Sentences/074_to.m4a
03_Prepositions_Building_Sentences,74,sentence1,I am going to school.,Je vais à l'école.,03_Prepositions_Building_Sentences/074_to_ex1.m4a
03_Prepositions_Building_Sentences,74,sentence2,She gave the book to me.,Elle m'a donné le livre.,03_Prepositions_Building_Sentences/074_to_ex2.m4a
03_Prepositions_Building_Sentences,75,word,from,de / depuis,03_Prepositions_Building_Sentences/075_from.m4a
03_Prepositions_Building_Sentences,75,sentence1,I am from Canada.,Je viens du Canada.,03_Prepositions_Building_Sentences/075_from_ex1.m4a
03_Prepositions_Building_Sentences,75,sentence2,She received a letter from her sister.,Elle a reçu une lettre de sa sœur.,03_Prepositions_Building_Sentences/075_from_ex2.m4a
03_Prepositions_Building_Sentences,76,word,with,avec,03_Prepositions_Building_Sentences/076_with.m4a
03_Prepositions_Building_Sentences,76,sentence1,I live with my family.,J'habite avec ma famille.,03_Prepositions_Building_Sentences/076_with_ex1.m4a
03_Prepositions_Building_Sentences,76,sentence2,She traveled with her friends.,Elle a voyagé avec ses amis.,03_Prepositions_Building_Sentences/076_with_ex2.m4a
03_Prepositions_Building_Sentences,77,word,without,sans,03_Prepositions_Building_Sentences/077_without.m4a
03_Prepositions_Building_Sentences,77,sentence1,I can't live without coffee.,Je ne peux pas vivre sans café.,03_Prepositions_Building_Sentences/077_without_ex1.m4a
03_Prepositions_Building_Sentences,77,sentence2,She left without saying goodbye.,Elle est partie sans dire au revoir.,03_Prepositions_Building_Sentences/077_without_ex2.m4a
03_Prepositions_Building_Sentences,78,word,for,pour,03_Prepositions_Building_Sentences/078_for.m4a
03_Prepositions_Building_Sentences,78,sentence1,This gift is for you.,Ce cadeau est pour toi.,03_Prepositions_Building_Sentences/078_for_ex1.m4a
03_Prepositions_Building_Sentences,78,sentence2,I bought flowers for my mother.,J'ai acheté des fleurs pour ma mère.,03_Prepositions_Building_Sentences/078_for_ex2.m4a
03_Prepositions_Building_Sentences,79,word,of,de,03_Prepositions_Building_Sentences/079_of.m4a
03_Prepositions_Building_Sentences,79,sentence1,This is a picture of my family.,C'est une photo de ma famille.,03_Prepositions_Building_Sentences/079_of_ex1.m4a
03_Prepositions_Building_Sentences,79,sentence2,I drank a glass of water.,J'ai bu un verre d'eau.,03_Prepositions_Building_Sentences/079_of_ex2.m4a
03_Prepositions_Building_Sentences,80,word,about,à propos de / environ,03_Prepositions_Building_Sentences/080_about.m4a
03_Prepositions_Building_Sentences,80,sentence1,I am thinking about my future.,Je pense à mon avenir.,03_Prepositions_Building_Sentences/080_about_ex1.m4a
03_Prepositions_Building_Sentences,80,sentence2,Tell me about your trip.,Parle-moi de ton voyage.,03_Prepositions_Building_Sentences/080_about_ex2.m4a
03_Prepositions_Building_Sentences,81,word,against,contre,03_Prepositions_Building_Sentences/081_against.m4a
03_Prepositions_Building_Sentences,81,sentence1,They played against a strong team.,Ils ont joué contre une équipe forte.,03_Prepositions_Building_Sentences/081_against_ex1.m4a
03_Prepositions_Building_Sentences,81,sentence2,I lean against the wall.,Je m'appuie contre le mur.,03_Prepositions_Building_Sentences/081_against_ex2.m4a
03_Prepositions_Building_Sentences,82,word,between,entre,03_Prepositions_Building_Sentences/082_between.m4a
03_Prepositions_Building_Sentences,82,sentence1,The book is between the lamp and the clock.,Le livre est entre la lampe et l'horloge.,03_Prepositions_Building_Sentences/082_between_ex1.m4a
03_Prepositions_Building_Sentences,82,sentence2,There is a strong friendship between them.,Il y a une forte amitié entre eux.,03_Prepositions_Building_Sentences/082_between_ex2.m4a
03_Prepositions_Building_Sentences,83,word,among,parmi,03_Prepositions_Building_Sentences/083_among.m4a
03_Prepositions_Building_Sentences,83,sentence1,She is among the best students.,Elle est parmi les meilleurs étudiants.,03_Prepositions_Building_Sentences/083_among_ex1.m4a
03_Prepositions_Building_Sentences,83,sentence2,The house is hidden among the trees.,La maison est cachée parmi les arbres.,03_Prepositions_Building_Sentences/083_among_ex2.m4a
03_Prepositions_Building_Sentences,84,word,through,à travers,03_Prepositions_Building_Sentences/084_through.m4a
03_Prepositions_Building_Sentences,84,sentence1,We walked through the forest.,Nous avons marché à travers la forêt.,03_Prepositions_Building_Sentences/084_through_ex1.m4a
03_Prepositions_Building_Sentences,84,sentence2,Light came through the window.,La lumière entrait par la fenêtre.,03_Prepositions_Building_Sentences/084_through_ex2.m4a
03_Prepositions_Building_Sentences,85,word,during,pendant,03_Prepositions_Building_Sentences/085_during.m4a
03_Prepositions_Building_Sentences,85,sentence1,I fell asleep during the movie.,Je me suis endormi pendant le film.,03_Prepositions_Building_Sentences/085_during_ex1.m4a
03_Prepositions_Building_Sentences,85,sentence2,We traveled during the summer.,Nous avons voyagé pendant l'été.,03_Prepositions_Building_Sentences/085_during_ex2.m4a
03_Prepositions_Building_Sentences,86,word,before,avant,03_Prepositions_Building_Sentences/086_before.m4a
03_Prepositions_Building_Sentences,86,sentence1,I always drink coffee before work.,Je bois toujours du café avant le travail.,03_Prepositions_Building_Sentences/086_before_ex1.m4a
03_Prepositions_Building_Sentences,86,sentence2,She arrived before me.,Elle est arrivée avant moi.,03_Prepositions_Building_Sentences/086_before_ex2.m4a
03_Prepositions_Building_Sentences,87,word,after,après,03_Prepositions_Building_Sentences/087_after.m4a
03_Prepositions_Building_Sentences,87,sentence1,We will eat after the movie.,Nous mangerons après le film.,03_Prepositions_Building_Sentences/087_after_ex1.m4a
03_Prepositions_Building_Sentences,87,sentence2,She called me after work.,Elle m'a appelé après le travail.,03_Prepositions_Building_Sentences/087_after_ex2.m4a
03_Prepositions_Building_Sentences,88,word,above,au-dessus de,03_Prepositions_Building_Sentences/088_above.m4a
03_Prepositions_Building_Sentences,88,sentence1,The bird flew above the clouds.,L'oiseau a volé au-dessus des nuages.,03_Prepositions_Building_Sentences/088_above_ex1.m4a
03_Prepositions_Building_Sentences,88,sentence2,The picture hangs above the sofa.,Le tableau est accroché au-dessus du canapé.,03_Prepositions_Building_Sentences/088_above_ex2.m4a
03_Prepositions_Building_Sentences,89,word,below,en dessous de,03_Prepositions_Building_Sentences/089_below.m4a
03_Prepositions_Building_Sentences,89,sentence1,The temperature dropped below zero.,La température est tombée en dessous de zéro.,03_Prepositions_Building_Sentences/089_below_ex1.m4a
03_Prepositions_Building_Sentences,89,sentence2,The valley lies below the mountain.,La vallée se trouve en dessous de la montagne.,03_Prepositions_Building_Sentences/089_below_ex2.m4a
03_Prepositions_Building_Sentences,90,word,under,sous,03_Prepositions_Building_Sentences/090_under.m4a
03_Prepositions_Building_Sentences,90,sentence1,The cat is sleeping under the table.,Le chat dort sous la table.,03_Prepositions_Building_Sentences/090_under_ex1.m4a
03_Prepositions_Building_Sentences,90,sentence2,We sat under a tree.,Nous étions assis sous un arbre.,03_Prepositions_Building_Sentences/090_under_ex2.m4a
03_Prepositions_Building_Sentences,91,word,over,par-dessus / au-dessus,03_Prepositions_Building_Sentences/091_over.m4a
03_Prepositions_Building_Sentences,91,sentence1,The plane flew over the ocean.,L'avion a survolé l'océan.,03_Prepositions_Building_Sentences/091_over_ex1.m4a
03_Prepositions_Building_Sentences,91,sentence2,She jumped over the fence.,Elle a sauté par-dessus la clôture.,03_Prepositions_Building_Sentences/091_over_ex2.m4a
03_Prepositions_Building_Sentences,92,word,behind,derrière,03_Prepositions_Building_Sentences/092_behind.m4a
03_Prepositions_Building_Sentences,92,sentence1,The garden is behind the house.,Le jardin est derrière la maison.,03_Prepositions_Building_Sentences/092_behind_ex1.m4a
03_Prepositions_Building_Sentences,92,sentence2,She hid behind the door.,Elle s'est cachée derrière la porte.,03_Prepositions_Building_Sentences/092_behind_ex2.m4a
03_Prepositions_Building_Sentences,93,word,in front of,devant,03_Prepositions_Building_Sentences/093_in_front_of.m4a
03_Prepositions_Building_Sentences,93,sentence1,The car is parked in front of the house.,La voiture est garée devant la maison.,03_Prepositions_Building_Sentences/093_in_front_of_ex1.m4a
03_Prepositions_Building_Sentences,93,sentence2,She stood in front of the mirror.,Elle se tenait devant le miroir.,03_Prepositions_Building_Sentences/093_in_front_of_ex2.m4a
03_Prepositions_Building_Sentences,94,word,near,près de,03_Prepositions_Building_Sentences/094_near.m4a
03_Prepositions_Building_Sentences,94,sentence1,I live near the park.,J'habite près du parc.,03_Prepositions_Building_Sentences/094_near_ex1.m4a
03_Prepositions_Building_Sentences,94,sentence2,The store is near my house.,Le magasin est près de chez moi.,03_Prepositions_Building_Sentences/094_near_ex2.m4a
03_Prepositions_Building_Sentences,95,word,far from,loin de,03_Prepositions_Building_Sentences/095_far_from.m4a
03_Prepositions_Building_Sentences,95,sentence1,My house is far from here.,Ma maison est loin d'ici.,03_Prepositions_Building_Sentences/095_far_from_ex1.m4a
03_Prepositions_Building_Sentences,95,sentence2,We live far from the city.,Nous habitons loin de la ville.,03_Prepositions_Building_Sentences/095_far_from_ex2.m4a
03_Prepositions_Building_Sentences,96,word,into,dans / à l'intérieur de,03_Prepositions_Building_Sentences/096_into.m4a
03_Prepositions_Building_Sentences,96,sentence1,She walked into the room.,Elle est entrée dans la pièce.,03_Prepositions_Building_Sentences/096_into_ex1.m4a
03_Prepositions_Building_Sentences,96,sentence2,I poured water into the glass.,J'ai versé de l'eau dans le verre.,03_Prepositions_Building_Sentences/096_into_ex2.m4a
03_Prepositions_Building_Sentences,97,word,out of,hors de,03_Prepositions_Building_Sentences/097_out_of.m4a
03_Prepositions_Building_Sentences,97,sentence1,She walked out of the room.,Elle est sortie de la pièce.,03_Prepositions_Building_Sentences/097_out_of_ex1.m4a
03_Prepositions_Building_Sentences,97,sentence2,We ran out of milk.,Nous n'avons plus de lait.,03_Prepositions_Building_Sentences/097_out_of_ex2.m4a
03_Prepositions_Building_Sentences,98,word,up,en haut / vers le haut,03_Prepositions_Building_Sentences/098_up.m4a
03_Prepositions_Building_Sentences,98,sentence1,She looked up at the sky.,Elle a levé les yeux vers le ciel.,03_Prepositions_Building_Sentences/098_up_ex1.m4a
03_Prepositions_Building_Sentences,98,sentence2,We walked up the hill.,Nous avons monté la colline.,03_Prepositions_Building_Sentences/098_up_ex2.m4a
03_Prepositions_Building_Sentences,99,word,down,en bas / vers le bas,03_Prepositions_Building_Sentences/099_down.m4a
03_Prepositions_Building_Sentences,99,sentence1,She sat down on the chair.,Elle s'est assise sur la chaise.,03_Prepositions_Building_Sentences/099_down_ex1.m4a
03_Prepositions_Building_Sentences,99,sentence2,We walked down the street.,Nous avons descendu la rue.,03_Prepositions_Building_Sentences/099_down_ex2.m4a
03_Prepositions_Building_Sentences,100,word,by,par,03_Prepositions_Building_Sentences/100_by.m4a
03_Prepositions_Building_Sentences,100,sentence1,The book was written by a famous author.,Le livre a été écrit par un auteur célèbre.,03_Prepositions_Building_Sentences/100_by_ex1.m4a
03_Prepositions_Building_Sentences,100,sentence2,We traveled by train.,Nous avons voyagé en train.,03_Prepositions_Building_Sentences/100_by_ex2.m4a
04_Core_Verbs,101,word,to be,être,04_Core_Verbs/101_to_be.m4a
04_Core_Verbs,101,sentence1,I am happy.,Je suis heureux.,04_Core_Verbs/101_to_be_ex1.m4a
04_Core_Verbs,101,sentence2,She is a doctor.,Elle est médecin.,04_Core_Verbs/101_to_be_ex2.m4a
04_Core_Verbs,102,word,to have,avoir,04_Core_Verbs/102_to_have.m4a
04_Core_Verbs,102,sentence1,I have two brothers.,J'ai deux frères.,04_Core_Verbs/102_to_have_ex1.m4a
04_Core_Verbs,102,sentence2,She has a new car.,Elle a une nouvelle voiture.,04_Core_Verbs/102_to_have_ex2.m4a
04_Core_Verbs,103,word,to do,faire,04_Core_Verbs/103_to_do.m4a
04_Core_Verbs,103,sentence1,What do you do for a living?,Que fais-tu dans la vie ?,04_Core_Verbs/103_to_do_ex1.m4a
04_Core_Verbs,103,sentence2,She does her homework every evening.,Elle fait ses devoirs chaque soir.,04_Core_Verbs/103_to_do_ex2.m4a
04_Core_Verbs,104,word,to go,aller,04_Core_Verbs/104_to_go.m4a
04_Core_Verbs,104,sentence1,I go to school every day.,Je vais à l'école tous les jours.,04_Core_Verbs/104_to_go_ex1.m4a
04_Core_Verbs,104,sentence2,She went to the market.,Elle est allée au marché.,04_Core_Verbs/104_to_go_ex2.m4a
04_Core_Verbs,105,word,to come,venir,04_Core_Verbs/105_to_come.m4a
04_Core_Verbs,105,sentence1,"Come here, please.","Viens ici, s'il te plaît.",04_Core_Verbs/105_to_come_ex1.m4a
04_Core_Verbs,105,sentence2,She came to visit us.,Elle est venue nous rendre visite.,04_Core_Verbs/105_to_come_ex2.m4a
04_Core_Verbs,106,word,to say,dire,04_Core_Verbs/106_to_say.m4a
04_Core_Verbs,106,sentence1,What did you say?,Qu'as-tu dit ?,04_Core_Verbs/106_to_say_ex1.m4a
04_Core_Verbs,106,sentence2,She said she was tired.,Elle a dit qu'elle était fatiguée.,04_Core_Verbs/106_to_say_ex2.m4a
04_Core_Verbs,107,word,to speak,parler,04_Core_Verbs/107_to_speak.m4a
04_Core_Verbs,107,sentence1,She speaks three languages.,Elle parle trois langues.,04_Core_Verbs/107_to_speak_ex1.m4a
04_Core_Verbs,107,sentence2,Can you speak more slowly?,Peux-tu parler plus lentement ?,04_Core_Verbs/107_to_speak_ex2.m4a
04_Core_Verbs,108,word,to talk,parler / discuter,04_Core_Verbs/108_to_talk.m4a
04_Core_Verbs,108,sentence1,Let's talk about your plans.,Parlons de tes projets.,04_Core_Verbs/108_to_talk_ex1.m4a
04_Core_Verbs,108,sentence2,She talked to her friend for hours.,Elle a discuté avec son amie pendant des heures.,04_Core_Verbs/108_to_talk_ex2.m4a
04_Core_Verbs,109,word,to see,voir,04_Core_Verbs/109_to_see.m4a
04_Core_Verbs,109,sentence1,I see a bird in the tree.,Je vois un oiseau dans l'arbre.,04_Core_Verbs/109_to_see_ex1.m4a
04_Core_Verbs,109,sentence2,She saw her friend at the store.,Elle a vu son amie au magasin.,04_Core_Verbs/109_to_see_ex2.m4a
04_Core_Verbs,110,word,to look,regarder,04_Core_Verbs/110_to_look.m4a
04_Core_Verbs,110,sentence1,Look at the sky.,Regarde le ciel.,04_Core_Verbs/110_to_look_ex1.m4a
04_Core_Verbs,110,sentence2,She looked at me and smiled.,Elle m'a regardé et a souri.,04_Core_Verbs/110_to_look_ex2.m4a
04_Core_Verbs,111,word,to watch,regarder,04_Core_Verbs/111_to_watch.m4a
04_Core_Verbs,111,sentence1,We watched a movie last night.,Nous avons regardé un film hier soir.,04_Core_Verbs/111_to_watch_ex1.m4a
04_Core_Verbs,111,sentence2,She watches the news every evening.,Elle regarde les nouvelles chaque soir.,04_Core_Verbs/111_to_watch_ex2.m4a
04_Core_Verbs,112,word,to hear,entendre,04_Core_Verbs/112_to_hear.m4a
04_Core_Verbs,112,sentence1,I hear music in the distance.,J'entends de la musique au loin.,04_Core_Verbs/112_to_hear_ex1.m4a
04_Core_Verbs,112,sentence2,She heard a strange noise.,Elle a entendu un bruit étrange.,04_Core_Verbs/112_to_hear_ex2.m4a
04_Core_Verbs,113,word,to listen,écouter,04_Core_Verbs/113_to_listen.m4a
04_Core_Verbs,113,sentence1,Listen to me carefully.,Écoute-moi attentivement.,04_Core_Verbs/113_to_listen_ex1.m4a
04_Core_Verbs,113,sentence2,She listens to music every day.,Elle écoute de la musique tous les jours.,04_Core_Verbs/113_to_listen_ex2.m4a
04_Core_Verbs,114,word,to know,savoir / connaître,04_Core_Verbs/114_to_know.m4a
04_Core_Verbs,114,sentence1,I know the answer.,Je connais la réponse.,04_Core_Verbs/114_to_know_ex1.m4a
04_Core_Verbs,114,sentence2,She knows how to cook.,Elle sait cuisiner.,04_Core_Verbs/114_to_know_ex2.m4a
04_Core_Verbs,115,word,to think,penser,04_Core_Verbs/115_to_think.m4a
04_Core_Verbs,115,sentence1,I think this is a good idea.,Je pense que c'est une bonne idée.,04_Core_Verbs/115_to_think_ex1.m4a
04_Core_Verbs,115,sentence2,She thinks about her family often.,Elle pense souvent à sa famille.,04_Core_Verbs/115_to_think_ex2.m4a
04_Core_Verbs,116,word,to believe,croire,04_Core_Verbs/116_to_believe.m4a
04_Core_Verbs,116,sentence1,I believe you.,Je te crois.,04_Core_Verbs/116_to_believe_ex1.m4a
04_Core_Verbs,116,sentence2,She believes in hard work.,Elle croit au travail acharné.,04_Core_Verbs/116_to_believe_ex2.m4a
04_Core_Verbs,117,word,to understand,comprendre,04_Core_Verbs/117_to_understand.m4a
04_Core_Verbs,117,sentence1,I understand your point of view.,Je comprends ton point de vue.,04_Core_Verbs/117_to_understand_ex1.m4a
04_Core_Verbs,117,sentence2,She understands French very well.,Elle comprend très bien le français.,04_Core_Verbs/117_to_understand_ex2.m4a
04_Core_Verbs,118,word,to want,vouloir,04_Core_Verbs/118_to_want.m4a
04_Core_Verbs,118,sentence1,I want a cup of coffee.,Je veux une tasse de café.,04_Core_Verbs/118_to_want_ex1.m4a
04_Core_Verbs,118,sentence2,She wants to learn French.,Elle veut apprendre le français.,04_Core_Verbs/118_to_want_ex2.m4a
04_Core_Verbs,119,word,to need,avoir besoin de,04_Core_Verbs/119_to_need.m4a
04_Core_Verbs,119,sentence1,I need some rest.,J'ai besoin de repos.,04_Core_Verbs/119_to_need_ex1.m4a
04_Core_Verbs,119,sentence2,She needs a new phone.,Elle a besoin d'un nouveau téléphone.,04_Core_Verbs/119_to_need_ex2.m4a
04_Core_Verbs,120,word,to like,aimer bien,04_Core_Verbs/120_to_like.m4a
04_Core_Verbs,120,sentence1,I like this song.,J'aime bien cette chanson.,04_Core_Verbs/120_to_like_ex1.m4a
04_Core_Verbs,120,sentence2,She likes coffee in the morning.,Elle aime le café le matin.,04_Core_Verbs/120_to_like_ex2.m4a
04_Core_Verbs,121,word,to love,aimer,04_Core_Verbs/121_to_love.m4a
04_Core_Verbs,121,sentence1,I love my family.,J'aime ma famille.,04_Core_Verbs/121_to_love_ex1.m4a
04_Core_Verbs,121,sentence2,She loves music.,Elle aime la musique.,04_Core_Verbs/121_to_love_ex2.m4a
04_Core_Verbs,122,word,to hate,détester,04_Core_Verbs/122_to_hate.m4a
04_Core_Verbs,122,sentence1,I hate waiting in line.,Je déteste attendre dans la file.,04_Core_Verbs/122_to_hate_ex1.m4a
04_Core_Verbs,122,sentence2,She hates spiders.,Elle déteste les araignées.,04_Core_Verbs/122_to_hate_ex2.m4a
04_Core_Verbs,123,word,to prefer,préférer,04_Core_Verbs/123_to_prefer.m4a
04_Core_Verbs,123,sentence1,I prefer tea to coffee.,Je préfère le thé au café.,04_Core_Verbs/123_to_prefer_ex1.m4a
04_Core_Verbs,123,sentence2,She prefers to walk.,Elle préfère marcher.,04_Core_Verbs/123_to_prefer_ex2.m4a
04_Core_Verbs,124,word,to give,donner,04_Core_Verbs/124_to_give.m4a
04_Core_Verbs,124,sentence1,I gave her a gift.,Je lui ai donné un cadeau.,04_Core_Verbs/124_to_give_ex1.m4a
04_Core_Verbs,124,sentence2,She gives advice easily.,Elle donne facilement des conseils.,04_Core_Verbs/124_to_give_ex2.m4a
04_Core_Verbs,125,word,to take,prendre,04_Core_Verbs/125_to_take.m4a
04_Core_Verbs,125,sentence1,I take the bus every day.,Je prends le bus tous les jours.,04_Core_Verbs/125_to_take_ex1.m4a
04_Core_Verbs,125,sentence2,She took a photo of the sunset.,Elle a pris une photo du coucher de soleil.,04_Core_Verbs/125_to_take_ex2.m4a
04_Core_Verbs,126,word,to get,obtenir / recevoir,04_Core_Verbs/126_to_get.m4a
04_Core_Verbs,126,sentence1,I got a new job.,J'ai trouvé un nouveau travail.,04_Core_Verbs/126_to_get_ex1.m4a
04_Core_Verbs,126,sentence2,She gets good grades.,Elle obtient de bonnes notes.,04_Core_Verbs/126_to_get_ex2.m4a
04_Core_Verbs,127,word,to make,faire / fabriquer,04_Core_Verbs/127_to_make.m4a
04_Core_Verbs,127,sentence1,I made dinner tonight.,J'ai préparé le dîner ce soir.,04_Core_Verbs/127_to_make_ex1.m4a
04_Core_Verbs,127,sentence2,She makes beautiful jewelry.,Elle fabrique de beaux bijoux.,04_Core_Verbs/127_to_make_ex2.m4a
04_Core_Verbs,128,word,to put,mettre,04_Core_Verbs/128_to_put.m4a
04_Core_Verbs,128,sentence1,I put the book on the table.,J'ai mis le livre sur la table.,04_Core_Verbs/128_to_put_ex1.m4a
04_Core_Verbs,128,sentence2,She put on her coat.,Elle a mis son manteau.,04_Core_Verbs/128_to_put_ex2.m4a
04_Core_Verbs,129,word,to bring,apporter,04_Core_Verbs/129_to_bring.m4a
04_Core_Verbs,129,sentence1,"Bring your umbrella, it might rain.","Apporte ton parapluie, il pourrait pleuvoir.",04_Core_Verbs/129_to_bring_ex1.m4a
04_Core_Verbs,129,sentence2,She brought flowers to the party.,Elle a apporté des fleurs à la fête.,04_Core_Verbs/129_to_bring_ex2.m4a
04_Core_Verbs,130,word,to carry,porter,04_Core_Verbs/130_to_carry.m4a
04_Core_Verbs,130,sentence1,I carry my books in a bag.,Je porte mes livres dans un sac.,04_Core_Verbs/130_to_carry_ex1.m4a
04_Core_Verbs,130,sentence2,She carried the baby carefully.,Elle portait le bébé avec précaution.,04_Core_Verbs/130_to_carry_ex2.m4a
04_Core_Verbs,131,word,to send,envoyer,04_Core_Verbs/131_to_send.m4a
04_Core_Verbs,131,sentence1,I sent her a message.,Je lui ai envoyé un message.,04_Core_Verbs/131_to_send_ex1.m4a
04_Core_Verbs,131,sentence2,She sends letters to her grandmother.,Elle envoie des lettres à sa grand-mère.,04_Core_Verbs/131_to_send_ex2.m4a
04_Core_Verbs,132,word,to receive,recevoir,04_Core_Verbs/132_to_receive.m4a
04_Core_Verbs,132,sentence1,I received your letter.,J'ai reçu ta lettre.,04_Core_Verbs/132_to_receive_ex1.m4a
04_Core_Verbs,132,sentence2,She received a gift from her friend.,Elle a reçu un cadeau de son amie.,04_Core_Verbs/132_to_receive_ex2.m4a
04_Core_Verbs,133,word,to buy,acheter,04_Core_Verbs/133_to_buy.m4a
04_Core_Verbs,133,sentence1,I bought a new car.,J'ai acheté une nouvelle voiture.,04_Core_Verbs/133_to_buy_ex1.m4a
04_Core_Verbs,133,sentence2,She buys groceries every week.,Elle achète des courses chaque semaine.,04_Core_Verbs/133_to_buy_ex2.m4a
04_Core_Verbs,134,word,to sell,vendre,04_Core_Verbs/134_to_sell.m4a
04_Core_Verbs,134,sentence1,I sold my old car.,J'ai vendu ma vieille voiture.,04_Core_Verbs/134_to_sell_ex1.m4a
04_Core_Verbs,134,sentence2,She sells handmade jewelry.,Elle vend des bijoux faits main.,04_Core_Verbs/134_to_sell_ex2.m4a
04_Core_Verbs,135,word,to pay,payer,04_Core_Verbs/135_to_pay.m4a
04_Core_Verbs,135,sentence1,I paid for the tickets.,J'ai payé les billets.,04_Core_Verbs/135_to_pay_ex1.m4a
04_Core_Verbs,135,sentence2,She pays her bills on time.,Elle paie ses factures à temps.,04_Core_Verbs/135_to_pay_ex2.m4a
04_Core_Verbs,136,word,to cost,coûter,04_Core_Verbs/136_to_cost.m4a
04_Core_Verbs,136,sentence1,This dress costs fifty dollars.,Cette robe coûte cinquante dollars.,04_Core_Verbs/136_to_cost_ex1.m4a
04_Core_Verbs,136,sentence2,How much does it cost?,Combien ça coûte ?,04_Core_Verbs/136_to_cost_ex2.m4a
04_Core_Verbs,137,word,to spend,dépenser,04_Core_Verbs/137_to_spend.m4a
04_Core_Verbs,137,sentence1,I spend too much money on clothes.,Je dépense trop d'argent en vêtements.,04_Core_Verbs/137_to_spend_ex1.m4a
04_Core_Verbs,137,sentence2,She spends her weekends reading.,Elle passe ses week-ends à lire.,04_Core_Verbs/137_to_spend_ex2.m4a
04_Core_Verbs,138,word,to save,économiser,04_Core_Verbs/138_to_save.m4a
04_Core_Verbs,138,sentence1,I save money every month.,J'économise de l'argent chaque mois.,04_Core_Verbs/138_to_save_ex1.m4a
04_Core_Verbs,138,sentence2,She saved him from danger.,Elle l'a sauvé du danger.,04_Core_Verbs/138_to_save_ex2.m4a
04_Core_Verbs,139,word,to work,travailler,04_Core_Verbs/139_to_work.m4a
04_Core_Verbs,139,sentence1,I work in an office.,Je travaille dans un bureau.,04_Core_Verbs/139_to_work_ex1.m4a
04_Core_Verbs,139,sentence2,She works very hard.,Elle travaille très dur.,04_Core_Verbs/139_to_work_ex2.m4a
04_Core_Verbs,140,word,to play,jouer,04_Core_Verbs/140_to_play.m4a
04_Core_Verbs,140,sentence1,The children play in the garden.,Les enfants jouent dans le jardin.,04_Core_Verbs/140_to_play_ex1.m4a
04_Core_Verbs,140,sentence2,She plays the piano beautifully.,Elle joue du piano magnifiquement.,04_Core_Verbs/140_to_play_ex2.m4a
04_Core_Verbs,141,word,to study,étudier,04_Core_Verbs/141_to_study.m4a
04_Core_Verbs,141,sentence1,I study French every day.,J'étudie le français tous les jours.,04_Core_Verbs/141_to_study_ex1.m4a
04_Core_Verbs,141,sentence2,She studies medicine at university.,Elle étudie la médecine à l'université.,04_Core_Verbs/141_to_study_ex2.m4a
04_Core_Verbs,142,word,to learn,apprendre,04_Core_Verbs/142_to_learn.m4a
04_Core_Verbs,142,sentence1,I am learning French.,J'apprends le français.,04_Core_Verbs/142_to_learn_ex1.m4a
04_Core_Verbs,142,sentence2,She learns quickly.,Elle apprend vite.,04_Core_Verbs/142_to_learn_ex2.m4a
04_Core_Verbs,143,word,to teach,enseigner,04_Core_Verbs/143_to_teach.m4a
04_Core_Verbs,143,sentence1,She teaches French at the school.,Elle enseigne le français à l'école.,04_Core_Verbs/143_to_teach_ex1.m4a
04_Core_Verbs,143,sentence2,I taught my son how to swim.,J'ai appris à mon fils à nager.,04_Core_Verbs/143_to_teach_ex2.m4a
04_Core_Verbs,144,word,to read,lire,04_Core_Verbs/144_to_read.m4a
04_Core_Verbs,144,sentence1,I read a book every week.,Je lis un livre chaque semaine.,04_Core_Verbs/144_to_read_ex1.m4a
04_Core_Verbs,144,sentence2,She reads the newspaper every morning.,Elle lit le journal chaque matin.,04_Core_Verbs/144_to_read_ex2.m4a
04_Core_Verbs,145,word,to write,écrire,04_Core_Verbs/145_to_write.m4a
04_Core_Verbs,145,sentence1,I write in my journal every day.,J'écris dans mon journal tous les jours.,04_Core_Verbs/145_to_write_ex1.m4a
04_Core_Verbs,145,sentence2,She writes beautiful stories.,Elle écrit de belles histoires.,04_Core_Verbs/145_to_write_ex2.m4a
04_Core_Verbs,146,word,to draw,dessiner,04_Core_Verbs/146_to_draw.m4a
04_Core_Verbs,146,sentence1,She draws beautiful pictures.,Elle dessine de belles images.,04_Core_Verbs/146_to_draw_ex1.m4a
04_Core_Verbs,146,sentence2,I drew a map of the city.,J'ai dessiné une carte de la ville.,04_Core_Verbs/146_to_draw_ex2.m4a
04_Core_Verbs,147,word,to sing,chanter,04_Core_Verbs/147_to_sing.m4a
04_Core_Verbs,147,sentence1,She sings beautifully.,Elle chante magnifiquement.,04_Core_Verbs/147_to_sing_ex1.m4a
04_Core_Verbs,147,sentence2,I sing in the shower.,Je chante sous la douche.,04_Core_Verbs/147_to_sing_ex2.m4a
04_Core_Verbs,148,word,to dance,danser,04_Core_Verbs/148_to_dance.m4a
04_Core_Verbs,148,sentence1,We danced all night at the party.,Nous avons dansé toute la nuit à la fête.,04_Core_Verbs/148_to_dance_ex1.m4a
04_Core_Verbs,148,sentence2,She dances beautifully.,Elle danse magnifiquement.,04_Core_Verbs/148_to_dance_ex2.m4a
04_Core_Verbs,149,word,to run,courir,04_Core_Verbs/149_to_run.m4a
04_Core_Verbs,149,sentence1,I run every morning.,Je cours tous les matins.,04_Core_Verbs/149_to_run_ex1.m4a
04_Core_Verbs,149,sentence2,She runs very fast.,Elle court très vite.,04_Core_Verbs/149_to_run_ex2.m4a
04_Core_Verbs,150,word,to walk,marcher,04_Core_Verbs/150_to_walk.m4a
04_Core_Verbs,150,sentence1,I walk to work every day.,Je marche jusqu'au travail tous les jours.,04_Core_Verbs/150_to_walk_ex1.m4a
04_Core_Verbs,150,sentence2,She walks her dog in the morning.,Elle promène son chien le matin.,04_Core_Verbs/150_to_walk_ex2.m4a
04_Core_Verbs,151,word,to jump,sauter,04_Core_Verbs/151_to_jump.m4a
04_Core_Verbs,151,sentence1,The children jumped with joy.,Les enfants ont sauté de joie.,04_Core_Verbs/151_to_jump_ex1.m4a
04_Core_Verbs,151,sentence2,She jumps rope every morning.,Elle saute à la corde chaque matin.,04_Core_Verbs/151_to_jump_ex2.m4a
04_Core_Verbs,152,word,to swim,nager,04_Core_Verbs/152_to_swim.m4a
04_Core_Verbs,152,sentence1,I swim every summer.,Je nage tous les étés.,04_Core_Verbs/152_to_swim_ex1.m4a
04_Core_Verbs,152,sentence2,She swims very well.,Elle nage très bien.,04_Core_Verbs/152_to_swim_ex2.m4a
04_Core_Verbs,153,word,to fly,voler,04_Core_Verbs/153_to_fly.m4a
04_Core_Verbs,153,sentence1,The bird flies high in the sky.,L'oiseau vole haut dans le ciel.,04_Core_Verbs/153_to_fly_ex1.m4a
04_Core_Verbs,153,sentence2,We flew to Paris last summer.,Nous avons volé jusqu'à Paris l'été dernier.,04_Core_Verbs/153_to_fly_ex2.m4a
04_Core_Verbs,154,word,to drive,conduire,04_Core_Verbs/154_to_drive.m4a
04_Core_Verbs,154,sentence1,I drive to work every day.,Je conduis pour aller au travail tous les jours.,04_Core_Verbs/154_to_drive_ex1.m4a
04_Core_Verbs,154,sentence2,She drives very carefully.,Elle conduit très prudemment.,04_Core_Verbs/154_to_drive_ex2.m4a
04_Core_Verbs,155,word,to travel,voyager,04_Core_Verbs/155_to_travel.m4a
04_Core_Verbs,155,sentence1,I love to travel.,J'adore voyager.,04_Core_Verbs/155_to_travel_ex1.m4a
04_Core_Verbs,155,sentence2,She travels around the world.,Elle voyage à travers le monde.,04_Core_Verbs/155_to_travel_ex2.m4a
04_Core_Verbs,156,word,to arrive,arriver,04_Core_Verbs/156_to_arrive.m4a
04_Core_Verbs,156,sentence1,I arrived late to the meeting.,Je suis arrivé en retard à la réunion.,04_Core_Verbs/156_to_arrive_ex1.m4a
04_Core_Verbs,156,sentence2,She arrives at nine every morning.,Elle arrive à neuf heures chaque matin.,04_Core_Verbs/156_to_arrive_ex2.m4a
04_Core_Verbs,157,word,to leave,partir,04_Core_Verbs/157_to_leave.m4a
04_Core_Verbs,157,sentence1,I leave for work at eight.,Je pars au travail à huit heures.,04_Core_Verbs/157_to_leave_ex1.m4a
04_Core_Verbs,157,sentence2,She left without saying goodbye.,Elle est partie sans dire au revoir.,04_Core_Verbs/157_to_leave_ex2.m4a
04_Core_Verbs,158,word,to stay,rester,04_Core_Verbs/158_to_stay.m4a
04_Core_Verbs,158,sentence1,I stayed home all weekend.,Je suis resté à la maison tout le week-end.,04_Core_Verbs/158_to_stay_ex1.m4a
04_Core_Verbs,158,sentence2,She stays late at the office.,Elle reste tard au bureau.,04_Core_Verbs/158_to_stay_ex2.m4a
04_Core_Verbs,159,word,to live,vivre / habiter,04_Core_Verbs/159_to_live.m4a
04_Core_Verbs,159,sentence1,I live in Ottawa.,J'habite à Ottawa.,04_Core_Verbs/159_to_live_ex1.m4a
04_Core_Verbs,159,sentence2,She lives with her parents.,Elle vit avec ses parents.,04_Core_Verbs/159_to_live_ex2.m4a
04_Core_Verbs,160,word,to die,mourir,04_Core_Verbs/160_to_die.m4a
04_Core_Verbs,160,sentence1,He died peacefully in his sleep.,Il est mort paisiblement dans son sommeil.,04_Core_Verbs/160_to_die_ex1.m4a
04_Core_Verbs,160,sentence2,The plant died from lack of water.,La plante est morte par manque d'eau.,04_Core_Verbs/160_to_die_ex2.m4a
04_Core_Verbs,161,word,to be born,naître,04_Core_Verbs/161_to_be_born.m4a
04_Core_Verbs,161,sentence1,I was born in 1995.,Je suis né en 1995.,04_Core_Verbs/161_to_be_born_ex1.m4a
04_Core_Verbs,161,sentence2,She was born in Montreal.,Elle est née à Montréal.,04_Core_Verbs/161_to_be_born_ex2.m4a
04_Core_Verbs,162,word,to grow,grandir / pousser,04_Core_Verbs/162_to_grow.m4a
04_Core_Verbs,162,sentence1,Children grow up so fast.,Les enfants grandissent si vite.,04_Core_Verbs/162_to_grow_ex1.m4a
04_Core_Verbs,162,sentence2,The plant grows quickly in the sun.,La plante pousse vite au soleil.,04_Core_Verbs/162_to_grow_ex2.m4a
04_Core_Verbs,163,word,to change,changer,04_Core_Verbs/163_to_change.m4a
04_Core_Verbs,163,sentence1,I need to change my clothes.,Je dois changer de vêtements.,04_Core_Verbs/163_to_change_ex1.m4a
04_Core_Verbs,163,sentence2,She changed her mind.,Elle a changé d'avis.,04_Core_Verbs/163_to_change_ex2.m4a
04_Core_Verbs,164,word,to become,devenir,04_Core_Verbs/164_to_become.m4a
04_Core_Verbs,164,sentence1,She became a doctor.,Elle est devenue médecin.,04_Core_Verbs/164_to_become_ex1.m4a
04_Core_Verbs,164,sentence2,I want to become a teacher.,Je veux devenir professeur.,04_Core_Verbs/164_to_become_ex2.m4a
04_Core_Verbs,165,word,to start,commencer,04_Core_Verbs/165_to_start.m4a
04_Core_Verbs,165,sentence1,The movie starts at eight.,Le film commence à huit heures.,04_Core_Verbs/165_to_start_ex1.m4a
04_Core_Verbs,165,sentence2,She started a new job.,Elle a commencé un nouveau travail.,04_Core_Verbs/165_to_start_ex2.m4a
04_Core_Verbs,166,word,to begin,commencer,04_Core_Verbs/166_to_begin.m4a
04_Core_Verbs,166,sentence1,The class begins at nine.,Le cours commence à neuf heures.,04_Core_Verbs/166_to_begin_ex1.m4a
04_Core_Verbs,166,sentence2,She began writing her book last year.,Elle a commencé à écrire son livre l'année dernière.,04_Core_Verbs/166_to_begin_ex2.m4a
04_Core_Verbs,167,word,to finish,finir,04_Core_Verbs/167_to_finish.m4a
04_Core_Verbs,167,sentence1,I finished my homework.,J'ai fini mes devoirs.,04_Core_Verbs/167_to_finish_ex1.m4a
04_Core_Verbs,167,sentence2,She finishes work at five.,Elle finit le travail à dix-sept heures.,04_Core_Verbs/167_to_finish_ex2.m4a
04_Core_Verbs,168,word,to end,terminer,04_Core_Verbs/168_to_end.m4a
04_Core_Verbs,168,sentence1,The movie ends at ten.,Le film se termine à dix heures.,04_Core_Verbs/168_to_end_ex1.m4a
04_Core_Verbs,168,sentence2,The meeting ended early.,La réunion s'est terminée tôt.,04_Core_Verbs/168_to_end_ex2.m4a
04_Core_Verbs,169,word,to stop,arrêter,04_Core_Verbs/169_to_stop.m4a
04_Core_Verbs,169,sentence1,Please stop talking.,"Arrête de parler, s'il te plaît.",04_Core_Verbs/169_to_stop_ex1.m4a
04_Core_Verbs,169,sentence2,The car stopped suddenly.,La voiture s'est arrêtée soudainement.,04_Core_Verbs/169_to_stop_ex2.m4a
04_Core_Verbs,170,word,to continue,continuer,04_Core_Verbs/170_to_continue.m4a
04_Core_Verbs,170,sentence1,Please continue your story.,"Continue ton histoire, s'il te plaît.",04_Core_Verbs/170_to_continue_ex1.m4a
04_Core_Verbs,170,sentence2,We continued walking despite the rain.,Nous avons continué à marcher malgré la pluie.,04_Core_Verbs/170_to_continue_ex2.m4a
04_Core_Verbs,171,word,to try,essayer,04_Core_Verbs/171_to_try.m4a
04_Core_Verbs,171,sentence1,I will try my best.,Je ferai de mon mieux.,04_Core_Verbs/171_to_try_ex1.m4a
04_Core_Verbs,171,sentence2,She tried to call you.,Elle a essayé de t'appeler.,04_Core_Verbs/171_to_try_ex2.m4a
04_Core_Verbs,172,word,to succeed,réussir,04_Core_Verbs/172_to_succeed.m4a
04_Core_Verbs,172,sentence1,She succeeded in her studies.,Elle a réussi ses études.,04_Core_Verbs/172_to_succeed_ex1.m4a
04_Core_Verbs,172,sentence2,I hope you succeed.,J'espère que tu réussiras.,04_Core_Verbs/172_to_succeed_ex2.m4a
04_Core_Verbs,173,word,to fail,échouer,04_Core_Verbs/173_to_fail.m4a
04_Core_Verbs,173,sentence1,I failed the exam.,J'ai échoué à l'examen.,04_Core_Verbs/173_to_fail_ex1.m4a
04_Core_Verbs,173,sentence2,She failed to arrive on time.,Elle n'a pas réussi à arriver à l'heure.,04_Core_Verbs/173_to_fail_ex2.m4a
04_Core_Verbs,174,word,to help,aider,04_Core_Verbs/174_to_help.m4a
04_Core_Verbs,174,sentence1,"Can you help me, please?","Peux-tu m'aider, s'il te plaît ?",04_Core_Verbs/174_to_help_ex1.m4a
04_Core_Verbs,174,sentence2,She helps her mother every day.,Elle aide sa mère tous les jours.,04_Core_Verbs/174_to_help_ex2.m4a
04_Core_Verbs,175,word,to allow,permettre,04_Core_Verbs/175_to_allow.m4a
04_Core_Verbs,175,sentence1,My parents allow me to go out on weekends.,Mes parents me permettent de sortir le week-end.,04_Core_Verbs/175_to_allow_ex1.m4a
04_Core_Verbs,175,sentence2,This ticket allows you to enter for free.,Ce billet te permet d'entrer gratuitement.,04_Core_Verbs/175_to_allow_ex2.m4a
04_Core_Verbs,176,word,to let,laisser,04_Core_Verbs/176_to_let.m4a
04_Core_Verbs,176,sentence1,Let me help you.,Laisse-moi t'aider.,04_Core_Verbs/176_to_let_ex1.m4a
04_Core_Verbs,176,sentence2,She let her hair down.,Elle a laissé ses cheveux détachés.,04_Core_Verbs/176_to_let_ex2.m4a
04_Core_Verbs,177,word,to ask,demander,04_Core_Verbs/177_to_ask.m4a
04_Core_Verbs,177,sentence1,I asked her a question.,Je lui ai posé une question.,04_Core_Verbs/177_to_ask_ex1.m4a
04_Core_Verbs,177,sentence2,She asked for help.,Elle a demandé de l'aide.,04_Core_Verbs/177_to_ask_ex2.m4a
04_Core_Verbs,178,word,to answer,répondre,04_Core_Verbs/178_to_answer.m4a
04_Core_Verbs,178,sentence1,I answered the phone.,J'ai répondu au téléphone.,04_Core_Verbs/178_to_answer_ex1.m4a
04_Core_Verbs,178,sentence2,She answered all my questions.,Elle a répondu à toutes mes questions.,04_Core_Verbs/178_to_answer_ex2.m4a
04_Core_Verbs,179,word,to explain,expliquer,04_Core_Verbs/179_to_explain.m4a
04_Core_Verbs,179,sentence1,Can you explain this to me?,Peux-tu m'expliquer ça ?,04_Core_Verbs/179_to_explain_ex1.m4a
04_Core_Verbs,179,sentence2,She explained the rules clearly.,Elle a expliqué les règles clairement.,04_Core_Verbs/179_to_explain_ex2.m4a
04_Core_Verbs,180,word,to show,montrer,04_Core_Verbs/180_to_show.m4a
04_Core_Verbs,180,sentence1,Show me your photos.,Montre-moi tes photos.,04_Core_Verbs/180_to_show_ex1.m4a
04_Core_Verbs,180,sentence2,She showed me the way.,Elle m'a montré le chemin.,04_Core_Verbs/180_to_show_ex2.m4a
04_Core_Verbs,181,word,to find,trouver,04_Core_Verbs/181_to_find.m4a
04_Core_Verbs,181,sentence1,I found my keys.,J'ai trouvé mes clés.,04_Core_Verbs/181_to_find_ex1.m4a
04_Core_Verbs,181,sentence2,She found a new job.,Elle a trouvé un nouvel emploi.,04_Core_Verbs/181_to_find_ex2.m4a
04_Core_Verbs,182,word,to lose,perdre,04_Core_Verbs/182_to_lose.m4a
04_Core_Verbs,182,sentence1,I lost my wallet.,J'ai perdu mon portefeuille.,04_Core_Verbs/182_to_lose_ex1.m4a
04_Core_Verbs,182,sentence2,She lost the game.,Elle a perdu le match.,04_Core_Verbs/182_to_lose_ex2.m4a
04_Core_Verbs,183,word,to look for,chercher,04_Core_Verbs/183_to_look_for.m4a
04_Core_Verbs,183,sentence1,I am looking for my glasses.,Je cherche mes lunettes.,04_Core_Verbs/183_to_look_for_ex1.m4a
04_Core_Verbs,183,sentence2,She is looking for a new apartment.,Elle cherche un nouvel appartement.,04_Core_Verbs/183_to_look_for_ex2.m4a
04_Core_Verbs,184,word,to search,rechercher,04_Core_Verbs/184_to_search.m4a
04_Core_Verbs,184,sentence1,I searched for information online.,J'ai fait des recherches en ligne.,04_Core_Verbs/184_to_search_ex1.m4a
04_Core_Verbs,184,sentence2,She searched her bag for the ticket.,Elle a fouillé son sac pour trouver le billet.,04_Core_Verbs/184_to_search_ex2.m4a
04_Core_Verbs,185,word,to keep,garder,04_Core_Verbs/185_to_keep.m4a
04_Core_Verbs,185,sentence1,I keep my promises.,Je tiens mes promesses.,04_Core_Verbs/185_to_keep_ex1.m4a
04_Core_Verbs,185,sentence2,She keeps a diary.,Elle tient un journal intime.,04_Core_Verbs/185_to_keep_ex2.m4a
04_Core_Verbs,186,word,to hold,tenir,04_Core_Verbs/186_to_hold.m4a
04_Core_Verbs,186,sentence1,She held my hand.,Elle a tenu ma main.,04_Core_Verbs/186_to_hold_ex1.m4a
04_Core_Verbs,186,sentence2,I held the door open for her.,J'ai tenu la porte ouverte pour elle.,04_Core_Verbs/186_to_hold_ex2.m4a
04_Core_Verbs,187,word,to open,ouvrir,04_Core_Verbs/187_to_open.m4a
04_Core_Verbs,187,sentence1,Please open the door.,"Ouvre la porte, s'il te plaît.",04_Core_Verbs/187_to_open_ex1.m4a
04_Core_Verbs,187,sentence2,She opened the window for fresh air.,Elle a ouvert la fenêtre pour de l'air frais.,04_Core_Verbs/187_to_open_ex2.m4a
04_Core_Verbs,188,word,to close,fermer,04_Core_Verbs/188_to_close.m4a
04_Core_Verbs,188,sentence1,Please close the door.,"Ferme la porte, s'il te plaît.",04_Core_Verbs/188_to_close_ex1.m4a
04_Core_Verbs,188,sentence2,The store closes at nine.,Le magasin ferme à neuf heures.,04_Core_Verbs/188_to_close_ex2.m4a
04_Core_Verbs,189,word,to break,casser,04_Core_Verbs/189_to_break.m4a
04_Core_Verbs,189,sentence1,I broke my phone.,J'ai cassé mon téléphone.,04_Core_Verbs/189_to_break_ex1.m4a
04_Core_Verbs,189,sentence2,She broke her arm skiing.,Elle s'est cassé le bras en skiant.,04_Core_Verbs/189_to_break_ex2.m4a
04_Core_Verbs,190,word,to fix,réparer,04_Core_Verbs/190_to_fix.m4a
04_Core_Verbs,190,sentence1,I fixed my bike.,J'ai réparé mon vélo.,04_Core_Verbs/190_to_fix_ex1.m4a
04_Core_Verbs,190,sentence2,She fixed the problem quickly.,Elle a résolu le problème rapidement.,04_Core_Verbs/190_to_fix_ex2.m4a
04_Core_Verbs,191,word,to build,construire,04_Core_Verbs/191_to_build.m4a
04_Core_Verbs,191,sentence1,They built a new house.,Ils ont construit une nouvelle maison.,04_Core_Verbs/191_to_build_ex1.m4a
04_Core_Verbs,191,sentence2,She builds furniture by hand.,Elle fabrique des meubles à la main.,04_Core_Verbs/191_to_build_ex2.m4a
04_Core_Verbs,192,word,to create,créer,04_Core_Verbs/192_to_create.m4a
04_Core_Verbs,192,sentence1,She created a new app.,Elle a créé une nouvelle application.,04_Core_Verbs/192_to_create_ex1.m4a
04_Core_Verbs,192,sentence2,We created a plan together.,Nous avons créé un plan ensemble.,04_Core_Verbs/192_to_create_ex2.m4a
04_Core_Verbs,193,word,to destroy,détruire,04_Core_Verbs/193_to_destroy.m4a
04_Core_Verbs,193,sentence1,The storm destroyed many houses.,La tempête a détruit de nombreuses maisons.,04_Core_Verbs/193_to_destroy_ex1.m4a
04_Core_Verbs,193,sentence2,The fire destroyed the forest.,Le feu a détruit la forêt.,04_Core_Verbs/193_to_destroy_ex2.m4a
04_Core_Verbs,194,word,to clean,nettoyer,04_Core_Verbs/194_to_clean.m4a
04_Core_Verbs,194,sentence1,I clean my room every Saturday.,Je nettoie ma chambre tous les samedis.,04_Core_Verbs/194_to_clean_ex1.m4a
04_Core_Verbs,194,sentence2,She cleans the kitchen after dinner.,Elle nettoie la cuisine après le dîner.,04_Core_Verbs/194_to_clean_ex2.m4a
04_Core_Verbs,195,word,to wash,laver,04_Core_Verbs/195_to_wash.m4a
04_Core_Verbs,195,sentence1,I wash my hands before eating.,Je me lave les mains avant de manger.,04_Core_Verbs/195_to_wash_ex1.m4a
04_Core_Verbs,195,sentence2,She washes the dishes every night.,Elle fait la vaisselle tous les soirs.,04_Core_Verbs/195_to_wash_ex2.m4a
04_Core_Verbs,196,word,to cook,cuisiner,04_Core_Verbs/196_to_cook.m4a
04_Core_Verbs,196,sentence1,I cook dinner every night.,Je cuisine le dîner tous les soirs.,04_Core_Verbs/196_to_cook_ex1.m4a
04_Core_Verbs,196,sentence2,She cooks delicious meals.,Elle cuisine de délicieux repas.,04_Core_Verbs/196_to_cook_ex2.m4a
04_Core_Verbs,197,word,to eat,manger,04_Core_Verbs/197_to_eat.m4a
04_Core_Verbs,197,sentence1,I eat breakfast every morning.,Je mange le petit-déjeuner tous les matins.,04_Core_Verbs/197_to_eat_ex1.m4a
04_Core_Verbs,197,sentence2,She eats healthy food.,Elle mange des aliments sains.,04_Core_Verbs/197_to_eat_ex2.m4a
04_Core_Verbs,198,word,to drink,boire,04_Core_Verbs/198_to_drink.m4a
04_Core_Verbs,198,sentence1,I drink water every day.,Je bois de l'eau tous les jours.,04_Core_Verbs/198_to_drink_ex1.m4a
04_Core_Verbs,198,sentence2,She drinks coffee in the morning.,Elle boit du café le matin.,04_Core_Verbs/198_to_drink_ex2.m4a
04_Core_Verbs,199,word,to sleep,dormir,04_Core_Verbs/199_to_sleep.m4a
04_Core_Verbs,199,sentence1,I sleep eight hours a night.,Je dors huit heures par nuit.,04_Core_Verbs/199_to_sleep_ex1.m4a
04_Core_Verbs,199,sentence2,She sleeps very well.,Elle dort très bien.,04_Core_Verbs/199_to_sleep_ex2.m4a
04_Core_Verbs,200,word,to wake up,se réveiller,04_Core_Verbs/200_to_wake_up.m4a
04_Core_Verbs,200,sentence1,I wake up at seven every day.,Je me réveille à sept heures tous les jours.,04_Core_Verbs/200_to_wake_up_ex1.m4a
04_Core_Verbs,200,sentence2,She wakes up early to exercise.,Elle se réveille tôt pour faire de l'exercice.,04_Core_Verbs/200_to_wake_up_ex2.m4a
04_Core_Verbs,201,word,to rest,se reposer,04_Core_Verbs/201_to_rest.m4a
04_Core_Verbs,201,sentence1,I need to rest.,J'ai besoin de me reposer.,04_Core_Verbs/201_to_rest_ex1.m4a
04_Core_Verbs,201,sentence2,She rests after work.,Elle se repose après le travail.,04_Core_Verbs/201_to_rest_ex2.m4a
04_Core_Verbs,202,word,to sit,s'asseoir,04_Core_Verbs/202_to_sit.m4a
04_Core_Verbs,202,sentence1,Please sit down.,"Assieds-toi, s'il te plaît.",04_Core_Verbs/202_to_sit_ex1.m4a
04_Core_Verbs,202,sentence2,She sat next to me.,Elle s'est assise à côté de moi.,04_Core_Verbs/202_to_sit_ex2.m4a
04_Core_Verbs,203,word,to stand,se tenir debout,04_Core_Verbs/203_to_stand.m4a
04_Core_Verbs,203,sentence1,She stood by the door.,Elle se tenait près de la porte.,04_Core_Verbs/203_to_stand_ex1.m4a
04_Core_Verbs,203,sentence2,We stood in line for an hour.,Nous avons fait la queue pendant une heure.,04_Core_Verbs/203_to_stand_ex2.m4a
04_Core_Verbs,204,word,to wait,attendre,04_Core_Verbs/204_to_wait.m4a
04_Core_Verbs,204,sentence1,I waited for an hour.,J'ai attendu pendant une heure.,04_Core_Verbs/204_to_wait_ex1.m4a
04_Core_Verbs,204,sentence2,She waits for the bus every morning.,Elle attend le bus tous les matins.,04_Core_Verbs/204_to_wait_ex2.m4a
04_Core_Verbs,205,word,to remember,se souvenir de,04_Core_Verbs/205_to_remember.m4a
04_Core_Verbs,205,sentence1,I remember that day well.,Je me souviens bien de ce jour.,04_Core_Verbs/205_to_remember_ex1.m4a
04_Core_Verbs,205,sentence2,She remembers everything.,Elle se souvient de tout.,04_Core_Verbs/205_to_remember_ex2.m4a
04_Core_Verbs,206,word,to forget,oublier,04_Core_Verbs/206_to_forget.m4a
04_Core_Verbs,206,sentence1,I forgot my umbrella.,J'ai oublié mon parapluie.,04_Core_Verbs/206_to_forget_ex1.m4a
04_Core_Verbs,206,sentence2,She forgets things easily.,Elle oublie facilement les choses.,04_Core_Verbs/206_to_forget_ex2.m4a
04_Core_Verbs,207,word,to decide,décider,04_Core_Verbs/207_to_decide.m4a
04_Core_Verbs,207,sentence1,I decided to stay home.,J'ai décidé de rester à la maison.,04_Core_Verbs/207_to_decide_ex1.m4a
04_Core_Verbs,207,sentence2,She decided to change careers.,Elle a décidé de changer de carrière.,04_Core_Verbs/207_to_decide_ex2.m4a
04_Core_Verbs,208,word,to choose,choisir,04_Core_Verbs/208_to_choose.m4a
04_Core_Verbs,208,sentence1,I chose the blue dress.,J'ai choisi la robe bleue.,04_Core_Verbs/208_to_choose_ex1.m4a
04_Core_Verbs,208,sentence2,She chooses her words carefully.,Elle choisit ses mots avec soin.,04_Core_Verbs/208_to_choose_ex2.m4a
04_Core_Verbs,209,word,to agree,être d'accord,04_Core_Verbs/209_to_agree.m4a
04_Core_Verbs,209,sentence1,I agree with you.,Je suis d'accord avec toi.,04_Core_Verbs/209_to_agree_ex1.m4a
04_Core_Verbs,209,sentence2,She agrees with the plan.,Elle est d'accord avec le plan.,04_Core_Verbs/209_to_agree_ex2.m4a
04_Core_Verbs,210,word,to disagree,ne pas être d'accord,04_Core_Verbs/210_to_disagree.m4a
04_Core_Verbs,210,sentence1,I disagree with your decision.,Je ne suis pas d'accord avec ta décision.,04_Core_Verbs/210_to_disagree_ex1.m4a
04_Core_Verbs,210,sentence2,She disagreed with the plan.,Elle n'était pas d'accord avec le plan.,04_Core_Verbs/210_to_disagree_ex2.m4a
04_Core_Verbs,211,word,to accept,accepter,04_Core_Verbs/211_to_accept.m4a
04_Core_Verbs,211,sentence1,I accept your apology.,J'accepte tes excuses.,04_Core_Verbs/211_to_accept_ex1.m4a
04_Core_Verbs,211,sentence2,She accepted the job offer.,Elle a accepté l'offre d'emploi.,04_Core_Verbs/211_to_accept_ex2.m4a
04_Core_Verbs,212,word,to refuse,refuser,04_Core_Verbs/212_to_refuse.m4a
04_Core_Verbs,212,sentence1,I refuse to give up.,Je refuse d'abandonner.,04_Core_Verbs/212_to_refuse_ex1.m4a
04_Core_Verbs,212,sentence2,She refused the offer.,Elle a refusé l'offre.,04_Core_Verbs/212_to_refuse_ex2.m4a
04_Core_Verbs,213,word,to promise,promettre,04_Core_Verbs/213_to_promise.m4a
04_Core_Verbs,213,sentence1,I promise to call you tomorrow.,Je promets de t'appeler demain.,04_Core_Verbs/213_to_promise_ex1.m4a
04_Core_Verbs,213,sentence2,She promised to help me.,Elle a promis de m'aider.,04_Core_Verbs/213_to_promise_ex2.m4a
04_Core_Verbs,214,word,to hope,espérer,04_Core_Verbs/214_to_hope.m4a
04_Core_Verbs,214,sentence1,I hope you feel better soon.,J'espère que tu te sentiras mieux bientôt.,04_Core_Verbs/214_to_hope_ex1.m4a
04_Core_Verbs,214,sentence2,She hopes to travel next year.,Elle espère voyager l'année prochaine.,04_Core_Verbs/214_to_hope_ex2.m4a
04_Core_Verbs,215,word,to wish,souhaiter,04_Core_Verbs/215_to_wish.m4a
04_Core_Verbs,215,sentence1,I wish you a happy birthday.,Je te souhaite un joyeux anniversaire.,04_Core_Verbs/215_to_wish_ex1.m4a
04_Core_Verbs,215,sentence2,She wishes she could travel more.,Elle souhaiterait pouvoir voyager davantage.,04_Core_Verbs/215_to_wish_ex2.m4a
04_Core_Verbs,216,word,to worry,s'inquiéter,04_Core_Verbs/216_to_worry.m4a
04_Core_Verbs,216,sentence1,I worry about my family.,Je m'inquiète pour ma famille.,04_Core_Verbs/216_to_worry_ex1.m4a
04_Core_Verbs,216,sentence2,She worries too much.,Elle s'inquiète trop.,04_Core_Verbs/216_to_worry_ex2.m4a
04_Core_Verbs,217,word,to laugh,rire,04_Core_Verbs/217_to_laugh.m4a
04_Core_Verbs,217,sentence1,I laugh at his jokes.,Je ris de ses blagues.,04_Core_Verbs/217_to_laugh_ex1.m4a
04_Core_Verbs,217,sentence2,She laughs a lot.,Elle rit beaucoup.,04_Core_Verbs/217_to_laugh_ex2.m4a
04_Core_Verbs,218,word,to cry,pleurer,04_Core_Verbs/218_to_cry.m4a
04_Core_Verbs,218,sentence1,She cried at the movie.,Elle a pleuré pendant le film.,04_Core_Verbs/218_to_cry_ex1.m4a
04_Core_Verbs,218,sentence2,I cried when I heard the news.,J'ai pleuré en apprenant la nouvelle.,04_Core_Verbs/218_to_cry_ex2.m4a
04_Core_Verbs,219,word,to smile,sourire,04_Core_Verbs/219_to_smile.m4a
04_Core_Verbs,219,sentence1,She smiled at me.,Elle m'a souri.,04_Core_Verbs/219_to_smile_ex1.m4a
04_Core_Verbs,219,sentence2,I always smile when I see you.,Je souris toujours quand je te vois.,04_Core_Verbs/219_to_smile_ex2.m4a
04_Core_Verbs,220,word,to feel,ressentir / se sentir,04_Core_Verbs/220_to_feel.m4a
04_Core_Verbs,220,sentence1,I feel happy today.,Je me sens heureux aujourd'hui.,04_Core_Verbs/220_to_feel_ex1.m4a
04_Core_Verbs,220,sentence2,She feels tired after work.,Elle se sent fatiguée après le travail.,04_Core_Verbs/220_to_feel_ex2.m4a
04_Core_Verbs,221,word,to touch,toucher,04_Core_Verbs/221_to_touch.m4a
04_Core_Verbs,221,sentence1,Don't touch the wet paint.,Ne touche pas la peinture fraîche.,04_Core_Verbs/221_to_touch_ex1.m4a
04_Core_Verbs,221,sentence2,She touched his shoulder gently.,Elle a touché son épaule doucement.,04_Core_Verbs/221_to_touch_ex2.m4a
04_Core_Verbs,222,word,to smell,sentir,04_Core_Verbs/222_to_smell.m4a
04_Core_Verbs,222,sentence1,This flower smells wonderful.,Cette fleur sent merveilleusement bon.,04_Core_Verbs/222_to_smell_ex1.m4a
04_Core_Verbs,222,sentence2,I smell smoke.,Je sens de la fumée.,04_Core_Verbs/222_to_smell_ex2.m4a
04_Core_Verbs,223,word,to taste,goûter,04_Core_Verbs/223_to_taste.m4a
04_Core_Verbs,223,sentence1,This soup tastes amazing.,Cette soupe a un goût incroyable.,04_Core_Verbs/223_to_taste_ex1.m4a
04_Core_Verbs,223,sentence2,I want to taste your cooking.,Je veux goûter ta cuisine.,04_Core_Verbs/223_to_taste_ex2.m4a
04_Core_Verbs,224,word,to use,utiliser,04_Core_Verbs/224_to_use.m4a
04_Core_Verbs,224,sentence1,I use my computer every day.,J'utilise mon ordinateur tous les jours.,04_Core_Verbs/224_to_use_ex1.m4a
04_Core_Verbs,224,sentence2,She uses public transport to go to work.,Elle utilise les transports en commun pour aller au travail.,04_Core_Verbs/224_to_use_ex2.m4a
04_Core_Verbs,225,word,must,devoir,04_Core_Verbs/225_must.m4a
04_Core_Verbs,225,sentence1,I must finish this today.,Je dois finir ceci aujourd'hui.,04_Core_Verbs/225_must_ex1.m4a
04_Core_Verbs,225,sentence2,She must leave early tomorrow.,Elle doit partir tôt demain.,04_Core_Verbs/225_must_ex2.m4a
04_Core_Verbs,226,word,must (obligation),devoir,04_Core_Verbs/226_must_obligation.m4a
04_Core_Verbs,226,sentence1,You must wear a seatbelt.,Tu dois porter une ceinture de sécurité.,04_Core_Verbs/226_must_obligation_ex1.m4a
04_Core_Verbs,226,sentence2,We must save money for the trip.,Nous devons économiser de l'argent pour le voyage.,04_Core_Verbs/226_must_obligation_ex2.m4a
04_Core_Verbs,227,word,can,pouvoir,04_Core_Verbs/227_can.m4a
04_Core_Verbs,227,sentence1,I can speak French.,Je peux parler français.,04_Core_Verbs/227_can_ex1.m4a
04_Core_Verbs,227,sentence2,She can swim very well.,Elle sait très bien nager.,04_Core_Verbs/227_can_ex2.m4a
04_Core_Verbs,228,word,to appear,apparaître,04_Core_Verbs/228_to_appear.m4a
04_Core_Verbs,228,sentence1,The moon appeared behind the clouds.,La lune est apparue derrière les nuages.,04_Core_Verbs/228_to_appear_ex1.m4a
04_Core_Verbs,228,sentence2,She appeared calm despite the situation.,Elle semblait calme malgré la situation.,04_Core_Verbs/228_to_appear_ex2.m4a
04_Core_Verbs,229,word,to seem,sembler,04_Core_Verbs/229_to_seem.m4a
04_Core_Verbs,229,sentence1,She seems tired today.,Elle semble fatiguée aujourd'hui.,04_Core_Verbs/229_to_seem_ex1.m4a
04_Core_Verbs,229,sentence2,This plan seems risky.,Ce plan semble risqué.,04_Core_Verbs/229_to_seem_ex2.m4a
04_Core_Verbs,230,word,to happen,arriver / se passer,04_Core_Verbs/230_to_happen.m4a
04_Core_Verbs,230,sentence1,What happened yesterday?,Qu'est-ce qui s'est passé hier ?,04_Core_Verbs/230_to_happen_ex1.m4a
04_Core_Verbs,230,sentence2,This happens all the time.,Ça arrive tout le temps.,04_Core_Verbs/230_to_happen_ex2.m4a
04_Core_Verbs,231,word,to exist,exister,04_Core_Verbs/231_to_exist.m4a
04_Core_Verbs,231,sentence1,Does this problem still exist?,Ce problème existe-t-il encore ?,04_Core_Verbs/231_to_exist_ex1.m4a
04_Core_Verbs,231,sentence2,This tradition has existed for centuries.,Cette tradition existe depuis des siècles.,04_Core_Verbs/231_to_exist_ex2.m4a
04_Core_Verbs,232,word,to belong,appartenir,04_Core_Verbs/232_to_belong.m4a
04_Core_Verbs,232,sentence1,This book belongs to me.,Ce livre m'appartient.,04_Core_Verbs/232_to_belong_ex1.m4a
04_Core_Verbs,232,sentence2,She belongs to a local club.,Elle appartient à un club local.,04_Core_Verbs/232_to_belong_ex2.m4a
04_Core_Verbs,233,word,to own,posséder,04_Core_Verbs/233_to_own.m4a
04_Core_Verbs,233,sentence1,I own a small house.,Je possède une petite maison.,04_Core_Verbs/233_to_own_ex1.m4a
04_Core_Verbs,233,sentence2,She owns a successful business.,Elle possède une entreprise prospère.,04_Core_Verbs/233_to_own_ex2.m4a
04_Core_Verbs,234,word,to share,partager,04_Core_Verbs/234_to_share.m4a
04_Core_Verbs,234,sentence1,I share my food with my friends.,Je partage ma nourriture avec mes amis.,04_Core_Verbs/234_to_share_ex1.m4a
04_Core_Verbs,234,sentence2,She shares everything with her sister.,Elle partage tout avec sa sœur.,04_Core_Verbs/234_to_share_ex2.m4a
04_Core_Verbs,235,word,to meet,rencontrer,04_Core_Verbs/235_to_meet.m4a
04_Core_Verbs,235,sentence1,I met her at a party.,Je l'ai rencontrée à une fête.,04_Core_Verbs/235_to_meet_ex1.m4a
04_Core_Verbs,235,sentence2,She meets new people easily.,Elle rencontre facilement de nouvelles personnes.,04_Core_Verbs/235_to_meet_ex2.m4a
04_Core_Verbs,236,word,to visit,visiter / rendre visite,04_Core_Verbs/236_to_visit.m4a
04_Core_Verbs,236,sentence1,I visited Paris last summer.,J'ai visité Paris l'été dernier.,04_Core_Verbs/236_to_visit_ex1.m4a
04_Core_Verbs,236,sentence2,She visits her grandmother every weekend.,Elle rend visite à sa grand-mère chaque week-end.,04_Core_Verbs/236_to_visit_ex2.m4a
04_Core_Verbs,237,word,to call,appeler,04_Core_Verbs/237_to_call.m4a
04_Core_Verbs,237,sentence1,I called you yesterday.,Je t'ai appelé hier.,04_Core_Verbs/237_to_call_ex1.m4a
04_Core_Verbs,237,sentence2,She calls her mother every day.,Elle appelle sa mère tous les jours.,04_Core_Verbs/237_to_call_ex2.m4a
04_Core_Verbs,238,word,to invite,inviter,04_Core_Verbs/238_to_invite.m4a
04_Core_Verbs,238,sentence1,I invited my friends to dinner.,J'ai invité mes amis à dîner.,04_Core_Verbs/238_to_invite_ex1.m4a
04_Core_Verbs,238,sentence2,She invites everyone to her parties.,Elle invite tout le monde à ses fêtes.,04_Core_Verbs/238_to_invite_ex2.m4a
04_Core_Verbs,239,word,to introduce,présenter,04_Core_Verbs/239_to_introduce.m4a
04_Core_Verbs,239,sentence1,Let me introduce my friend.,Laisse-moi te présenter mon ami.,04_Core_Verbs/239_to_introduce_ex1.m4a
04_Core_Verbs,239,sentence2,She introduced herself to the class.,Elle s'est présentée à la classe.,04_Core_Verbs/239_to_introduce_ex2.m4a
04_Core_Verbs,240,word,to marry,épouser,04_Core_Verbs/240_to_marry.m4a
04_Core_Verbs,240,sentence1,They got married last year.,Ils se sont mariés l'année dernière.,04_Core_Verbs/240_to_marry_ex1.m4a
04_Core_Verbs,240,sentence2,She married her childhood friend.,Elle a épousé son ami d'enfance.,04_Core_Verbs/240_to_marry_ex2.m4a
04_Core_Verbs,241,word,to follow,suivre,04_Core_Verbs/241_to_follow.m4a
04_Core_Verbs,241,sentence1,Please follow me.,"Suis-moi, s'il te plaît.",04_Core_Verbs/241_to_follow_ex1.m4a
04_Core_Verbs,241,sentence2,She follows the news every day.,Elle suit les actualités tous les jours.,04_Core_Verbs/241_to_follow_ex2.m4a
04_Core_Verbs,242,word,to lead,mener / diriger,04_Core_Verbs/242_to_lead.m4a
04_Core_Verbs,242,sentence1,She leads the team well.,Elle dirige bien l'équipe.,04_Core_Verbs/242_to_lead_ex1.m4a
04_Core_Verbs,242,sentence2,This road leads to the beach.,Cette route mène à la plage.,04_Core_Verbs/242_to_lead_ex2.m4a
04_Core_Verbs,243,word,to push,pousser,04_Core_Verbs/243_to_push.m4a
04_Core_Verbs,243,sentence1,She pushed the door open.,Elle a poussé la porte pour l'ouvrir.,04_Core_Verbs/243_to_push_ex1.m4a
04_Core_Verbs,243,sentence2,I pushed the cart to the store.,J'ai poussé le chariot jusqu'au magasin.,04_Core_Verbs/243_to_push_ex2.m4a
04_Core_Verbs,244,word,to pull,tirer,04_Core_Verbs/244_to_pull.m4a
04_Core_Verbs,244,sentence1,She pulled the rope hard.,Elle a tiré fort sur la corde.,04_Core_Verbs/244_to_pull_ex1.m4a
04_Core_Verbs,244,sentence2,I pulled the door closed.,J'ai tiré la porte pour la fermer.,04_Core_Verbs/244_to_pull_ex2.m4a
04_Core_Verbs,245,word,to throw,lancer,04_Core_Verbs/245_to_throw.m4a
04_Core_Verbs,245,sentence1,He threw the ball to me.,Il m'a lancé la balle.,04_Core_Verbs/245_to_throw_ex1.m4a
04_Core_Verbs,245,sentence2,She threw away the old newspapers.,Elle a jeté les vieux journaux.,04_Core_Verbs/245_to_throw_ex2.m4a
04_Core_Verbs,246,word,to catch,attraper,04_Core_Verbs/246_to_catch.m4a
04_Core_Verbs,246,sentence1,I caught the ball.,J'ai attrapé la balle.,04_Core_Verbs/246_to_catch_ex1.m4a
04_Core_Verbs,246,sentence2,She caught the bus just in time.,Elle a attrapé le bus juste à temps.,04_Core_Verbs/246_to_catch_ex2.m4a
04_Core_Verbs,247,word,to hit,frapper,04_Core_Verbs/247_to_hit.m4a
04_Core_Verbs,247,sentence1,The ball hit the window.,La balle a frappé la fenêtre.,04_Core_Verbs/247_to_hit_ex1.m4a
04_Core_Verbs,247,sentence2,She hit the target perfectly.,Elle a touché la cible parfaitement.,04_Core_Verbs/247_to_hit_ex2.m4a
04_Core_Verbs,248,word,to kick,donner un coup de pied,04_Core_Verbs/248_to_kick.m4a
04_Core_Verbs,248,sentence1,He kicked the ball into the goal.,Il a donné un coup de pied dans le ballon vers le but.,04_Core_Verbs/248_to_kick_ex1.m4a
04_Core_Verbs,248,sentence2,She kicked off her shoes.,Elle a enlevé ses chaussures d'un coup de pied.,04_Core_Verbs/248_to_kick_ex2.m4a
04_Core_Verbs,249,word,to cut,couper,04_Core_Verbs/249_to_cut.m4a
04_Core_Verbs,249,sentence1,I cut the bread into slices.,J'ai coupé le pain en tranches.,04_Core_Verbs/249_to_cut_ex1.m4a
04_Core_Verbs,249,sentence2,She cut her finger while cooking.,Elle s'est coupé le doigt en cuisinant.,04_Core_Verbs/249_to_cut_ex2.m4a
04_Core_Verbs,250,word,to burn,brûler,04_Core_Verbs/250_to_burn.m4a
04_Core_Verbs,250,sentence1,The fire burned all night.,Le feu a brûlé toute la nuit.,04_Core_Verbs/250_to_burn_ex1.m4a
04_Core_Verbs,250,sentence2,I burned the toast this morning.,J'ai brûlé le pain grillé ce matin.,04_Core_Verbs/250_to_burn_ex2.m4a
04_Core_Verbs,653,word,to fall,tomber,04_Core_Verbs/653_to_fall.m4a
04_Core_Verbs,653,sentence1,I fell on the ice yesterday.,Je suis tombé sur la glace hier.,04_Core_Verbs/653_to_fall_ex1.m4a
04_Core_Verbs,653,sentence2,She fell asleep during the movie.,Elle s'est endormie pendant le film.,04_Core_Verbs/653_to_fall_ex2.m4a
04_Core_Verbs,654,word,to rise,"se lever, monter",04_Core_Verbs/654_to_rise.m4a
04_Core_Verbs,654,sentence1,The sun rises early in summer.,Le soleil se lève tôt en été.,04_Core_Verbs/654_to_rise_ex1.m4a
04_Core_Verbs,654,sentence2,Prices rose this year.,Les prix ont augmenté cette année.,04_Core_Verbs/654_to_rise_ex2.m4a
04_Core_Verbs,655,word,to shout,crier,04_Core_Verbs/655_to_shout.m4a
04_Core_Verbs,655,sentence1,He shouted for help.,Il a crié à l'aide.,04_Core_Verbs/655_to_shout_ex1.m4a
04_Core_Verbs,655,sentence2,She shouted his name across the field.,Elle a crié son nom à travers le champ.,04_Core_Verbs/655_to_shout_ex2.m4a
04_Core_Verbs,656,word,to whisper,chuchoter,04_Core_Verbs/656_to_whisper.m4a
04_Core_Verbs,656,sentence1,She whispered in my ear.,Elle a chuchoté à mon oreille.,04_Core_Verbs/656_to_whisper_ex1.m4a
04_Core_Verbs,656,sentence2,I whispered so no one would hear.,J'ai chuchoté pour que personne n'entende.,04_Core_Verbs/656_to_whisper_ex2.m4a
04_Core_Verbs,657,word,to knock,frapper,04_Core_Verbs/657_to_knock.m4a
04_Core_Verbs,657,sentence1,I heard someone knock at the door.,J'ai entendu quelqu'un frapper à la porte.,04_Core_Verbs/657_to_knock_ex1.m4a
04_Core_Verbs,657,sentence2,She knocked before entering the room.,Elle a frappé avant d'entrer dans la pièce.,04_Core_Verbs/657_to_knock_ex2.m4a
04_Core_Verbs,658,word,to shake,secouer,04_Core_Verbs/658_to_shake.m4a
04_Core_Verbs,658,sentence1,We shook hands after the meeting.,Nous nous sommes serré la main après la réunion.,04_Core_Verbs/658_to_shake_ex1.m4a
04_Core_Verbs,658,sentence2,The earthquake shook the whole building.,Le tremblement de terre a secoué tout le bâtiment.,04_Core_Verbs/658_to_shake_ex2.m4a
04_Core_Verbs,659,word,to hug,serrer dans ses bras,04_Core_Verbs/659_to_hug.m4a
04_Core_Verbs,659,sentence1,She hugged her mother tightly.,Elle a serré sa mère fort dans ses bras.,04_Core_Verbs/659_to_hug_ex1.m4a
04_Core_Verbs,659,sentence2,I hugged my friend before leaving.,J'ai serré mon ami dans mes bras avant de partir.,04_Core_Verbs/659_to_hug_ex2.m4a
04_Core_Verbs,660,word,to kiss,embrasser,04_Core_Verbs/660_to_kiss.m4a
04_Core_Verbs,660,sentence1,She kissed her baby on the forehead.,Elle a embrassé son bébé sur le front.,04_Core_Verbs/660_to_kiss_ex1.m4a
04_Core_Verbs,660,sentence2,He kissed his wife goodbye.,Il a embrassé sa femme pour lui dire au revoir.,04_Core_Verbs/660_to_kiss_ex2.m4a
04_Core_Verbs,661,word,to wave,faire signe,04_Core_Verbs/661_to_wave.m4a
04_Core_Verbs,661,sentence1,She waved at me from across the street.,Elle m'a fait signe de l'autre côté de la rue.,04_Core_Verbs/661_to_wave_ex1.m4a
04_Core_Verbs,661,sentence2,I waved goodbye at the station.,J'ai fait signe d'au revoir à la gare.,04_Core_Verbs/661_to_wave_ex2.m4a
04_Core_Verbs,662,word,to nod,hocher la tête,04_Core_Verbs/662_to_nod.m4a
04_Core_Verbs,662,sentence1,She nodded in agreement.,Elle a hoché la tête en signe d'accord.,04_Core_Verbs/662_to_nod_ex1.m4a
04_Core_Verbs,662,sentence2,He nodded but said nothing.,Il a hoché la tête mais n'a rien dit.,04_Core_Verbs/662_to_nod_ex2.m4a
04_Core_Verbs,663,word,to point,pointer,04_Core_Verbs/663_to_point.m4a
04_Core_Verbs,663,sentence1,She pointed at the map.,Elle a pointé du doigt la carte.,04_Core_Verbs/663_to_point_ex1.m4a
04_Core_Verbs,663,sentence2,I pointed to the door.,J'ai pointé du doigt la porte.,04_Core_Verbs/663_to_point_ex2.m4a
04_Core_Verbs,664,word,to count,compter,04_Core_Verbs/664_to_count.m4a
04_Core_Verbs,664,sentence1,I counted the money carefully.,J'ai compté l'argent avec soin.,04_Core_Verbs/664_to_count_ex1.m4a
04_Core_Verbs,664,sentence2,She counted to ten slowly.,Elle a compté jusqu'à dix lentement.,04_Core_Verbs/664_to_count_ex2.m4a
04_Core_Verbs,665,word,to measure,mesurer,04_Core_Verbs/665_to_measure.m4a
04_Core_Verbs,665,sentence1,I measured the room before buying furniture.,J'ai mesuré la pièce avant d'acheter des meubles.,04_Core_Verbs/665_to_measure_ex1.m4a
04_Core_Verbs,665,sentence2,She measured the ingredients carefully.,Elle a mesuré les ingrédients avec soin.,04_Core_Verbs/665_to_measure_ex2.m4a
04_Core_Verbs,666,word,to compare,comparer,04_Core_Verbs/666_to_compare.m4a
04_Core_Verbs,666,sentence1,I compared the two prices.,J'ai comparé les deux prix.,04_Core_Verbs/666_to_compare_ex1.m4a
04_Core_Verbs,666,sentence2,She compared her results to her classmates'.,Elle a comparé ses résultats à ceux de ses camarades.,04_Core_Verbs/666_to_compare_ex2.m4a
04_Core_Verbs,667,word,to repeat,répéter,04_Core_Verbs/667_to_repeat.m4a
04_Core_Verbs,667,sentence1,"Can you repeat that, please?","Peux-tu répéter, s'il te plaît ?",04_Core_Verbs/667_to_repeat_ex1.m4a
04_Core_Verbs,667,sentence2,She repeated the instructions twice.,Elle a répété les instructions deux fois.,04_Core_Verbs/667_to_repeat_ex2.m4a
04_Core_Verbs,668,word,to translate,traduire,04_Core_Verbs/668_to_translate.m4a
04_Core_Verbs,668,sentence1,I translated the letter into French.,J'ai traduit la lettre en français.,04_Core_Verbs/668_to_translate_ex1.m4a
04_Core_Verbs,668,sentence2,She translates books for a living.,Elle traduit des livres pour gagner sa vie.,04_Core_Verbs/668_to_translate_ex2.m4a
04_Core_Verbs,669,word,to guess,deviner,04_Core_Verbs/669_to_guess.m4a
04_Core_Verbs,669,sentence1,I guessed the answer correctly.,J'ai deviné la bonne réponse.,04_Core_Verbs/669_to_guess_ex1.m4a
04_Core_Verbs,669,sentence2,She guessed his age wrong.,Elle s'est trompée en devinant son âge.,04_Core_Verbs/669_to_guess_ex2.m4a
04_Core_Verbs,670,word,to imagine,imaginer,04_Core_Verbs/670_to_imagine.m4a
04_Core_Verbs,670,sentence1,I can't imagine life without you.,Je ne peux pas imaginer la vie sans toi.,04_Core_Verbs/670_to_imagine_ex1.m4a
04_Core_Verbs,670,sentence2,She imagined a better future.,Elle a imaginé un avenir meilleur.,04_Core_Verbs/670_to_imagine_ex2.m4a
04_Core_Verbs,671,word,to dream,rêver,04_Core_Verbs/671_to_dream.m4a
04_Core_Verbs,671,sentence1,I dream about traveling the world.,Je rêve de voyager à travers le monde.,04_Core_Verbs/671_to_dream_ex1.m4a
04_Core_Verbs,671,sentence2,She dreams of becoming a doctor.,Elle rêve de devenir médecin.,04_Core_Verbs/671_to_dream_ex2.m4a
04_Core_Verbs,672,word,to solve,résoudre,04_Core_Verbs/672_to_solve.m4a
04_Core_Verbs,672,sentence1,I solved the puzzle in ten minutes.,J'ai résolu le puzzle en dix minutes.,04_Core_Verbs/672_to_solve_ex1.m4a
04_Core_Verbs,672,sentence2,She solved the math problem quickly.,Elle a résolu le problème de mathématiques rapidement.,04_Core_Verbs/672_to_solve_ex2.m4a
05_People_Family_Time,251,word,person,personne,05_People_Family_Time/251_person.m4a
05_People_Family_Time,251,sentence1,She is a kind person.,C'est une personne gentille.,05_People_Family_Time/251_person_ex1.m4a
05_People_Family_Time,251,sentence2,I met an interesting person today.,J'ai rencontré une personne intéressante aujourd'hui.,05_People_Family_Time/251_person_ex2.m4a
05_People_Family_Time,252,word,man,homme,05_People_Family_Time/252_man.m4a
05_People_Family_Time,252,sentence1,He is a tall man.,C'est un homme grand.,05_People_Family_Time/252_man_ex1.m4a
05_People_Family_Time,252,sentence2,The old man walked slowly.,Le vieil homme marchait lentement.,05_People_Family_Time/252_man_ex2.m4a
05_People_Family_Time,253,word,woman,femme,05_People_Family_Time/253_woman.m4a
05_People_Family_Time,253,sentence1,She is a strong woman.,C'est une femme forte.,05_People_Family_Time/253_woman_ex1.m4a
05_People_Family_Time,253,sentence2,The woman smiled at the child.,La femme a souri à l'enfant.,05_People_Family_Time/253_woman_ex2.m4a
05_People_Family_Time,254,word,child,enfant,05_People_Family_Time/254_child.m4a
05_People_Family_Time,254,sentence1,The child is playing outside.,L'enfant joue dehors.,05_People_Family_Time/254_child_ex1.m4a
05_People_Family_Time,254,sentence2,She is a happy child.,C'est une enfant heureuse.,05_People_Family_Time/254_child_ex2.m4a
05_People_Family_Time,255,word,baby,bébé,05_People_Family_Time/255_baby.m4a
05_People_Family_Time,255,sentence1,The baby is sleeping.,Le bébé dort.,05_People_Family_Time/255_baby_ex1.m4a
05_People_Family_Time,255,sentence2,She had a baby last month.,Elle a eu un bébé le mois dernier.,05_People_Family_Time/255_baby_ex2.m4a
05_People_Family_Time,256,word,boy,garçon,05_People_Family_Time/256_boy.m4a
05_People_Family_Time,256,sentence1,The boy is playing football.,Le garçon joue au football.,05_People_Family_Time/256_boy_ex1.m4a
05_People_Family_Time,256,sentence2,He is a smart boy.,C'est un garçon intelligent.,05_People_Family_Time/256_boy_ex2.m4a
05_People_Family_Time,257,word,girl,fille,05_People_Family_Time/257_girl.m4a
05_People_Family_Time,257,sentence1,The girl is reading a book.,La fille lit un livre.,05_People_Family_Time/257_girl_ex1.m4a
05_People_Family_Time,257,sentence2,She is a bright girl.,C'est une fille brillante.,05_People_Family_Time/257_girl_ex2.m4a
05_People_Family_Time,258,word,friend,ami / amie,05_People_Family_Time/258_friend.m4a
05_People_Family_Time,258,sentence1,She is my best friend.,C'est ma meilleure amie.,05_People_Family_Time/258_friend_ex1.m4a
05_People_Family_Time,258,sentence2,I called my friend yesterday.,J'ai appelé mon ami hier.,05_People_Family_Time/258_friend_ex2.m4a
05_People_Family_Time,259,word,family,famille,05_People_Family_Time/259_family.m4a
05_People_Family_Time,259,sentence1,I love my family.,J'aime ma famille.,05_People_Family_Time/259_family_ex1.m4a
05_People_Family_Time,259,sentence2,We spent the holiday with family.,Nous avons passé les vacances en famille.,05_People_Family_Time/259_family_ex2.m4a
05_People_Family_Time,260,word,parent,parent,05_People_Family_Time/260_parent.m4a
05_People_Family_Time,260,sentence1,My parents live nearby.,Mes parents habitent près d'ici.,05_People_Family_Time/260_parent_ex1.m4a
05_People_Family_Time,260,sentence2,She is a loving parent.,C'est une mère aimante.,05_People_Family_Time/260_parent_ex2.m4a
05_People_Family_Time,261,word,father,père,05_People_Family_Time/261_father.m4a
05_People_Family_Time,261,sentence1,My father works as an engineer.,Mon père travaille comme ingénieur.,05_People_Family_Time/261_father_ex1.m4a
05_People_Family_Time,261,sentence2,He is a caring father.,C'est un père attentionné.,05_People_Family_Time/261_father_ex2.m4a
05_People_Family_Time,262,word,mother,mère,05_People_Family_Time/262_mother.m4a
05_People_Family_Time,262,sentence1,My mother is a doctor.,Ma mère est médecin.,05_People_Family_Time/262_mother_ex1.m4a
05_People_Family_Time,262,sentence2,She is a loving mother.,C'est une mère aimante.,05_People_Family_Time/262_mother_ex2.m4a
05_People_Family_Time,263,word,son,fils,05_People_Family_Time/263_son.m4a
05_People_Family_Time,263,sentence1,My son is five years old.,Mon fils a cinq ans.,05_People_Family_Time/263_son_ex1.m4a
05_People_Family_Time,263,sentence2,She has a son and a daughter.,Elle a un fils et une fille.,05_People_Family_Time/263_son_ex2.m4a
05_People_Family_Time,264,word,daughter,fille,05_People_Family_Time/264_daughter.m4a
05_People_Family_Time,264,sentence1,My daughter is a doctor.,Ma fille est médecin.,05_People_Family_Time/264_daughter_ex1.m4a
05_People_Family_Time,264,sentence2,She has two daughters.,Elle a deux filles.,05_People_Family_Time/264_daughter_ex2.m4a
05_People_Family_Time,265,word,brother,frère,05_People_Family_Time/265_brother.m4a
05_People_Family_Time,265,sentence1,I have one brother.,J'ai un frère.,05_People_Family_Time/265_brother_ex1.m4a
05_People_Family_Time,265,sentence2,My brother lives in Montreal.,Mon frère habite à Montréal.,05_People_Family_Time/265_brother_ex2.m4a
05_People_Family_Time,266,word,sister,sœur,05_People_Family_Time/266_sister.m4a
05_People_Family_Time,266,sentence1,I have two sisters.,J'ai deux sœurs.,05_People_Family_Time/266_sister_ex1.m4a
05_People_Family_Time,266,sentence2,My sister lives in Ottawa.,Ma sœur habite à Ottawa.,05_People_Family_Time/266_sister_ex2.m4a
05_People_Family_Time,267,word,husband,mari,05_People_Family_Time/267_husband.m4a
05_People_Family_Time,267,sentence1,My husband works from home.,Mon mari travaille depuis la maison.,05_People_Family_Time/267_husband_ex1.m4a
05_People_Family_Time,267,sentence2,She loves her husband very much.,Elle aime beaucoup son mari.,05_People_Family_Time/267_husband_ex2.m4a
05_People_Family_Time,268,word,wife,femme (épouse),05_People_Family_Time/268_wife.m4a
05_People_Family_Time,268,sentence1,My wife works as a teacher.,Ma femme travaille comme enseignante.,05_People_Family_Time/268_wife_ex1.m4a
05_People_Family_Time,268,sentence2,He loves his wife very much.,Il aime beaucoup sa femme.,05_People_Family_Time/268_wife_ex2.m4a
05_People_Family_Time,269,word,grandfather,grand-père,05_People_Family_Time/269_grandfather.m4a
05_People_Family_Time,269,sentence1,My grandfather tells great stories.,Mon grand-père raconte de superbes histoires.,05_People_Family_Time/269_grandfather_ex1.m4a
05_People_Family_Time,269,sentence2,He visits his grandfather every summer.,Il rend visite à son grand-père chaque été.,05_People_Family_Time/269_grandfather_ex2.m4a
05_People_Family_Time,270,word,grandmother,grand-mère,05_People_Family_Time/270_grandmother.m4a
05_People_Family_Time,270,sentence1,My grandmother bakes delicious bread.,Ma grand-mère fait un pain délicieux.,05_People_Family_Time/270_grandmother_ex1.m4a
05_People_Family_Time,270,sentence2,She visits her grandmother every summer.,Elle rend visite à sa grand-mère chaque été.,05_People_Family_Time/270_grandmother_ex2.m4a
05_People_Family_Time,271,word,uncle,oncle,05_People_Family_Time/271_uncle.m4a
05_People_Family_Time,271,sentence1,My uncle lives in Toronto.,Mon oncle habite à Toronto.,05_People_Family_Time/271_uncle_ex1.m4a
05_People_Family_Time,271,sentence2,I visited my uncle last week.,J'ai rendu visite à mon oncle la semaine dernière.,05_People_Family_Time/271_uncle_ex2.m4a
05_People_Family_Time,272,word,aunt,tante,05_People_Family_Time/272_aunt.m4a
05_People_Family_Time,272,sentence1,My aunt lives in Quebec.,Ma tante habite au Québec.,05_People_Family_Time/272_aunt_ex1.m4a
05_People_Family_Time,272,sentence2,I visited my aunt last week.,J'ai rendu visite à ma tante la semaine dernière.,05_People_Family_Time/272_aunt_ex2.m4a
05_People_Family_Time,273,word,cousin,cousin / cousine,05_People_Family_Time/273_cousin.m4a
05_People_Family_Time,273,sentence1,My cousin lives in France.,Mon cousin habite en France.,05_People_Family_Time/273_cousin_ex1.m4a
05_People_Family_Time,273,sentence2,I grew up with my cousins.,J'ai grandi avec mes cousins.,05_People_Family_Time/273_cousin_ex2.m4a
05_People_Family_Time,274,word,neighbor,voisin / voisine,05_People_Family_Time/274_neighbor.m4a
05_People_Family_Time,274,sentence1,My neighbor is very friendly.,Mon voisin est très amical.,05_People_Family_Time/274_neighbor_ex1.m4a
05_People_Family_Time,274,sentence2,I helped my neighbor carry groceries.,J'ai aidé ma voisine à porter les courses.,05_People_Family_Time/274_neighbor_ex2.m4a
05_People_Family_Time,275,word,stranger,étranger / inconnu,05_People_Family_Time/275_stranger.m4a
05_People_Family_Time,275,sentence1,I don't talk to strangers.,Je ne parle pas aux inconnus.,05_People_Family_Time/275_stranger_ex1.m4a
05_People_Family_Time,275,sentence2,A stranger helped me find my way.,Un inconnu m'a aidé à trouver mon chemin.,05_People_Family_Time/275_stranger_ex2.m4a
05_People_Family_Time,276,word,teacher,professeur,05_People_Family_Time/276_teacher.m4a
05_People_Family_Time,276,sentence1,My teacher is very patient.,Mon professeur est très patient.,05_People_Family_Time/276_teacher_ex1.m4a
05_People_Family_Time,276,sentence2,She is a French teacher.,Elle est professeure de français.,05_People_Family_Time/276_teacher_ex2.m4a
05_People_Family_Time,277,word,student,étudiant / élève,05_People_Family_Time/277_student.m4a
05_People_Family_Time,277,sentence1,I am a university student.,Je suis étudiant à l'université.,05_People_Family_Time/277_student_ex1.m4a
05_People_Family_Time,277,sentence2,She is a hard-working student.,C'est une étudiante travailleuse.,05_People_Family_Time/277_student_ex2.m4a
05_People_Family_Time,278,word,doctor,médecin,05_People_Family_Time/278_doctor.m4a
05_People_Family_Time,278,sentence1,My doctor is very kind.,Mon médecin est très gentil.,05_People_Family_Time/278_doctor_ex1.m4a
05_People_Family_Time,278,sentence2,She wants to become a doctor.,Elle veut devenir médecin.,05_People_Family_Time/278_doctor_ex2.m4a
05_People_Family_Time,279,word,nurse,infirmier / infirmière,05_People_Family_Time/279_nurse.m4a
05_People_Family_Time,279,sentence1,My sister is a nurse.,Ma sœur est infirmière.,05_People_Family_Time/279_nurse_ex1.m4a
05_People_Family_Time,279,sentence2,The nurse took care of me kindly.,L'infirmière a pris soin de moi avec gentillesse.,05_People_Family_Time/279_nurse_ex2.m4a
05_People_Family_Time,280,word,lawyer,avocat,05_People_Family_Time/280_lawyer.m4a
05_People_Family_Time,280,sentence1,My friend is a lawyer.,Mon ami est avocat.,05_People_Family_Time/280_lawyer_ex1.m4a
05_People_Family_Time,280,sentence2,She works as a lawyer in Montreal.,Elle travaille comme avocate à Montréal.,05_People_Family_Time/280_lawyer_ex2.m4a
05_People_Family_Time,281,word,engineer,ingénieur,05_People_Family_Time/281_engineer.m4a
05_People_Family_Time,281,sentence1,My brother is an engineer.,Mon frère est ingénieur.,05_People_Family_Time/281_engineer_ex1.m4a
05_People_Family_Time,281,sentence2,She works as a software engineer.,Elle travaille comme ingénieure logicielle.,05_People_Family_Time/281_engineer_ex2.m4a
05_People_Family_Time,282,word,worker,travailleur,05_People_Family_Time/282_worker.m4a
05_People_Family_Time,282,sentence1,He is a hard worker.,C'est un travailleur acharné.,05_People_Family_Time/282_worker_ex1.m4a
05_People_Family_Time,282,sentence2,The workers finished the project on time.,Les travailleurs ont fini le projet à temps.,05_People_Family_Time/282_worker_ex2.m4a
05_People_Family_Time,283,word,boss,patron,05_People_Family_Time/283_boss.m4a
05_People_Family_Time,283,sentence1,My boss is very understanding.,Mon patron est très compréhensif.,05_People_Family_Time/283_boss_ex1.m4a
05_People_Family_Time,283,sentence2,She is a fair boss.,C'est une patronne juste.,05_People_Family_Time/283_boss_ex2.m4a
05_People_Family_Time,284,word,manager,gérant / directeur,05_People_Family_Time/284_manager.m4a
05_People_Family_Time,284,sentence1,The manager approved my request.,Le directeur a approuvé ma demande.,05_People_Family_Time/284_manager_ex1.m4a
05_People_Family_Time,284,sentence2,She is the manager of the store.,Elle est la gérante du magasin.,05_People_Family_Time/284_manager_ex2.m4a
05_People_Family_Time,285,word,police officer,policier,05_People_Family_Time/285_police_officer.m4a
05_People_Family_Time,285,sentence1,The police officer helped us find our way.,Le policier nous a aidés à trouver notre chemin.,05_People_Family_Time/285_police_officer_ex1.m4a
05_People_Family_Time,285,sentence2,My uncle is a police officer.,Mon oncle est policier.,05_People_Family_Time/285_police_officer_ex2.m4a
05_People_Family_Time,286,word,driver,chauffeur,05_People_Family_Time/286_driver.m4a
05_People_Family_Time,286,sentence1,The bus driver was very friendly.,Le chauffeur de bus était très amical.,05_People_Family_Time/286_driver_ex1.m4a
05_People_Family_Time,286,sentence2,My father works as a truck driver.,Mon père travaille comme chauffeur de camion.,05_People_Family_Time/286_driver_ex2.m4a
05_People_Family_Time,287,word,cook,cuisinier,05_People_Family_Time/287_cook.m4a
05_People_Family_Time,287,sentence1,My uncle is a professional cook.,Mon oncle est cuisinier professionnel.,05_People_Family_Time/287_cook_ex1.m4a
05_People_Family_Time,287,sentence2,She works as a cook in a hotel.,Elle travaille comme cuisinière dans un hôtel.,05_People_Family_Time/287_cook_ex2.m4a
05_People_Family_Time,288,word,time,temps,05_People_Family_Time/288_time.m4a
05_People_Family_Time,288,sentence1,I don't have much time.,Je n'ai pas beaucoup de temps.,05_People_Family_Time/288_time_ex1.m4a
05_People_Family_Time,288,sentence2,What time is it?,Quelle heure est-il ?,05_People_Family_Time/288_time_ex2.m4a
05_People_Family_Time,289,word,day,jour,05_People_Family_Time/289_day.m4a
05_People_Family_Time,289,sentence1,I had a good day.,J'ai passé une bonne journée.,05_People_Family_Time/289_day_ex1.m4a
05_People_Family_Time,289,sentence2,What day is it today?,Quel jour sommes-nous aujourd'hui ?,05_People_Family_Time/289_day_ex2.m4a
05_People_Family_Time,290,word,night,nuit,05_People_Family_Time/290_night.m4a
05_People_Family_Time,290,sentence1,I love the quiet of the night.,J'aime le calme de la nuit.,05_People_Family_Time/290_night_ex1.m4a
05_People_Family_Time,290,sentence2,We stayed up all night.,Nous sommes restés éveillés toute la nuit.,05_People_Family_Time/290_night_ex2.m4a
05_People_Family_Time,291,word,morning,matin,05_People_Family_Time/291_morning.m4a
05_People_Family_Time,291,sentence1,I wake up early in the morning.,Je me réveille tôt le matin.,05_People_Family_Time/291_morning_ex1.m4a
05_People_Family_Time,291,sentence2,Good morning!,Bonjour !,05_People_Family_Time/291_morning_ex2.m4a
05_People_Family_Time,292,word,afternoon,après-midi,05_People_Family_Time/292_afternoon.m4a
05_People_Family_Time,292,sentence1,I usually rest in the afternoon.,Je me repose habituellement l'après-midi.,05_People_Family_Time/292_afternoon_ex1.m4a
05_People_Family_Time,292,sentence2,We met in the afternoon.,Nous nous sommes rencontrés l'après-midi.,05_People_Family_Time/292_afternoon_ex2.m4a
05_People_Family_Time,293,word,evening,soir,05_People_Family_Time/293_evening.m4a
05_People_Family_Time,293,sentence1,"Good evening, everyone.",Bonsoir tout le monde.,05_People_Family_Time/293_evening_ex1.m4a
05_People_Family_Time,293,sentence2,We had dinner in the evening.,Nous avons dîné le soir.,05_People_Family_Time/293_evening_ex2.m4a
05_People_Family_Time,294,word,week,semaine,05_People_Family_Time/294_week.m4a
05_People_Family_Time,294,sentence1,I work five days a week.,Je travaille cinq jours par semaine.,05_People_Family_Time/294_week_ex1.m4a
05_People_Family_Time,294,sentence2,We meet every week.,Nous nous rencontrons chaque semaine.,05_People_Family_Time/294_week_ex2.m4a
05_People_Family_Time,295,word,month,mois,05_People_Family_Time/295_month.m4a
05_People_Family_Time,295,sentence1,I started this job last month.,J'ai commencé ce travail le mois dernier.,05_People_Family_Time/295_month_ex1.m4a
05_People_Family_Time,295,sentence2,We travel every month.,Nous voyageons chaque mois.,05_People_Family_Time/295_month_ex2.m4a
05_People_Family_Time,296,word,year,année,05_People_Family_Time/296_year.m4a
05_People_Family_Time,296,sentence1,I started this job last year.,J'ai commencé ce travail l'année dernière.,05_People_Family_Time/296_year_ex1.m4a
05_People_Family_Time,296,sentence2,We travel every year.,Nous voyageons chaque année.,05_People_Family_Time/296_year_ex2.m4a
05_People_Family_Time,297,word,today,aujourd'hui,05_People_Family_Time/297_today.m4a
05_People_Family_Time,297,sentence1,I feel great today.,Je me sens très bien aujourd'hui.,05_People_Family_Time/297_today_ex1.m4a
05_People_Family_Time,297,sentence2,What are we doing today?,Que faisons-nous aujourd'hui ?,05_People_Family_Time/297_today_ex2.m4a
05_People_Family_Time,298,word,tomorrow,demain,05_People_Family_Time/298_tomorrow.m4a
05_People_Family_Time,298,sentence1,I will call you tomorrow.,Je t'appellerai demain.,05_People_Family_Time/298_tomorrow_ex1.m4a
05_People_Family_Time,298,sentence2,We are leaving tomorrow morning.,Nous partons demain matin.,05_People_Family_Time/298_tomorrow_ex2.m4a
05_People_Family_Time,299,word,yesterday,hier,05_People_Family_Time/299_yesterday.m4a
05_People_Family_Time,299,sentence1,I called you yesterday.,Je t'ai appelé hier.,05_People_Family_Time/299_yesterday_ex1.m4a
05_People_Family_Time,299,sentence2,We went to the beach yesterday.,Nous sommes allés à la plage hier.,05_People_Family_Time/299_yesterday_ex2.m4a
05_People_Family_Time,300,word,now,maintenant,05_People_Family_Time/300_now.m4a
05_People_Family_Time,300,sentence1,I need to go now.,Je dois partir maintenant.,05_People_Family_Time/300_now_ex1.m4a
05_People_Family_Time,300,sentence2,We are ready now.,Nous sommes prêts maintenant.,05_People_Family_Time/300_now_ex2.m4a
05_People_Family_Time,301,word,later,plus tard,05_People_Family_Time/301_later.m4a
05_People_Family_Time,301,sentence1,I will call you later.,Je t'appellerai plus tard.,05_People_Family_Time/301_later_ex1.m4a
05_People_Family_Time,301,sentence2,See you later.,À plus tard.,05_People_Family_Time/301_later_ex2.m4a
05_People_Family_Time,302,word,soon,bientôt,05_People_Family_Time/302_soon.m4a
05_People_Family_Time,302,sentence1,I will see you soon.,Je te verrai bientôt.,05_People_Family_Time/302_soon_ex1.m4a
05_People_Family_Time,302,sentence2,We are leaving soon.,Nous partons bientôt.,05_People_Family_Time/302_soon_ex2.m4a
05_People_Family_Time,303,word,early,tôt,05_People_Family_Time/303_early.m4a
05_People_Family_Time,303,sentence1,I wake up early every day.,Je me réveille tôt tous les jours.,05_People_Family_Time/303_early_ex1.m4a
05_People_Family_Time,303,sentence2,We arrived early for the meeting.,Nous sommes arrivés tôt pour la réunion.,05_People_Family_Time/303_early_ex2.m4a
05_People_Family_Time,304,word,late,tard,05_People_Family_Time/304_late.m4a
05_People_Family_Time,304,sentence1,I woke up late today.,Je me suis réveillé tard aujourd'hui.,05_People_Family_Time/304_late_ex1.m4a
05_People_Family_Time,304,sentence2,We arrived late for the meeting.,Nous sommes arrivés en retard pour la réunion.,05_People_Family_Time/304_late_ex2.m4a
05_People_Family_Time,305,word,always,toujours,05_People_Family_Time/305_always.m4a
05_People_Family_Time,305,sentence1,I always drink coffee in the morning.,Je bois toujours du café le matin.,05_People_Family_Time/305_always_ex1.m4a
05_People_Family_Time,305,sentence2,She is always kind to everyone.,Elle est toujours gentille avec tout le monde.,05_People_Family_Time/305_always_ex2.m4a
05_People_Family_Time,306,word,never,jamais,05_People_Family_Time/306_never.m4a
05_People_Family_Time,306,sentence1,I never eat meat.,Je ne mange jamais de viande.,05_People_Family_Time/306_never_ex1.m4a
05_People_Family_Time,306,sentence2,She never lies to me.,Elle ne me ment jamais.,05_People_Family_Time/306_never_ex2.m4a
05_People_Family_Time,307,word,sometimes,parfois,05_People_Family_Time/307_sometimes.m4a
05_People_Family_Time,307,sentence1,I sometimes work late.,Je travaille parfois tard.,05_People_Family_Time/307_sometimes_ex1.m4a
05_People_Family_Time,307,sentence2,She sometimes visits her grandmother.,Elle rend parfois visite à sa grand-mère.,05_People_Family_Time/307_sometimes_ex2.m4a
05_People_Family_Time,308,word,often,souvent,05_People_Family_Time/308_often.m4a
05_People_Family_Time,308,sentence1,I often go to the gym.,Je vais souvent à la salle de sport.,05_People_Family_Time/308_often_ex1.m4a
05_People_Family_Time,308,sentence2,She often calls her mother.,Elle appelle souvent sa mère.,05_People_Family_Time/308_often_ex2.m4a
05_People_Family_Time,309,word,usually,habituellement,05_People_Family_Time/309_usually.m4a
05_People_Family_Time,309,sentence1,I usually wake up at seven.,Je me réveille habituellement à sept heures.,05_People_Family_Time/309_usually_ex1.m4a
05_People_Family_Time,309,sentence2,She usually eats breakfast at home.,Elle prend habituellement le petit-déjeuner à la maison.,05_People_Family_Time/309_usually_ex2.m4a
05_People_Family_Time,310,word,again,encore / de nouveau,05_People_Family_Time/310_again.m4a
05_People_Family_Time,310,sentence1,Can you say that again?,Peux-tu répéter ça ?,05_People_Family_Time/310_again_ex1.m4a
05_People_Family_Time,310,sentence2,I want to see you again.,Je veux te revoir.,05_People_Family_Time/310_again_ex2.m4a
05_People_Family_Time,311,word,already,déjà,05_People_Family_Time/311_already.m4a
05_People_Family_Time,311,sentence1,I already finished my homework.,J'ai déjà fini mes devoirs.,05_People_Family_Time/311_already_ex1.m4a
05_People_Family_Time,311,sentence2,She has already left.,Elle est déjà partie.,05_People_Family_Time/311_already_ex2.m4a
05_People_Family_Time,312,word,still,encore / toujours,05_People_Family_Time/312_still.m4a
05_People_Family_Time,312,sentence1,I am still working on this project.,Je travaille encore sur ce projet.,05_People_Family_Time/312_still_ex1.m4a
05_People_Family_Time,312,sentence2,She still lives in the same house.,Elle habite toujours dans la même maison.,05_People_Family_Time/312_still_ex2.m4a
05_People_Family_Time,313,word,yet,encore (pas encore),05_People_Family_Time/313_yet.m4a
05_People_Family_Time,313,sentence1,I haven't finished yet.,Je n'ai pas encore fini.,05_People_Family_Time/313_yet_ex1.m4a
05_People_Family_Time,313,sentence2,She hasn't called yet.,Elle n'a pas encore appelé.,05_People_Family_Time/313_yet_ex2.m4a
05_People_Family_Time,314,word,hour,heure,05_People_Family_Time/314_hour.m4a
05_People_Family_Time,314,sentence1,I waited for an hour.,J'ai attendu pendant une heure.,05_People_Family_Time/314_hour_ex1.m4a
05_People_Family_Time,314,sentence2,The meeting lasted an hour.,La réunion a duré une heure.,05_People_Family_Time/314_hour_ex2.m4a
05_People_Family_Time,315,word,minute,minute,05_People_Family_Time/315_minute.m4a
05_People_Family_Time,315,sentence1,"Wait a minute, please.","Attends une minute, s'il te plaît.",05_People_Family_Time/315_minute_ex1.m4a
05_People_Family_Time,315,sentence2,I will be ready in five minutes.,Je serai prêt dans cinq minutes.,05_People_Family_Time/315_minute_ex2.m4a
05_People_Family_Time,316,word,second,seconde,05_People_Family_Time/316_second.m4a
05_People_Family_Time,316,sentence1,"Wait one second, please.","Attends une seconde, s'il te plaît.",05_People_Family_Time/316_second_ex1.m4a
05_People_Family_Time,316,sentence2,It happened in a matter of seconds.,C'est arrivé en quelques secondes.,05_People_Family_Time/316_second_ex2.m4a
05_People_Family_Time,317,word,moment,moment,05_People_Family_Time/317_moment.m4a
05_People_Family_Time,317,sentence1,This is a special moment.,C'est un moment spécial.,05_People_Family_Time/317_moment_ex1.m4a
05_People_Family_Time,317,sentence2,I will never forget this moment.,Je n'oublierai jamais ce moment.,05_People_Family_Time/317_moment_ex2.m4a
05_People_Family_Time,318,word,season,saison,05_People_Family_Time/318_season.m4a
05_People_Family_Time,318,sentence1,Summer is my favorite season.,L'été est ma saison préférée.,05_People_Family_Time/318_season_ex1.m4a
05_People_Family_Time,318,sentence2,Each season has its charm.,Chaque saison a son charme.,05_People_Family_Time/318_season_ex2.m4a
05_People_Family_Time,319,word,spring,printemps,05_People_Family_Time/319_spring.m4a
05_People_Family_Time,319,sentence1,I love the flowers in spring.,J'aime les fleurs au printemps.,05_People_Family_Time/319_spring_ex1.m4a
05_People_Family_Time,319,sentence2,Spring is my favorite season.,Le printemps est ma saison préférée.,05_People_Family_Time/319_spring_ex2.m4a
05_People_Family_Time,320,word,summer,été,05_People_Family_Time/320_summer.m4a
05_People_Family_Time,320,sentence1,I love the warm summer days.,J'aime les chaudes journées d'été.,05_People_Family_Time/320_summer_ex1.m4a
05_People_Family_Time,320,sentence2,We go to the beach every summer.,Nous allons à la plage chaque été.,05_People_Family_Time/320_summer_ex2.m4a
05_People_Family_Time,321,word,autumn,automne,05_People_Family_Time/321_autumn.m4a
05_People_Family_Time,321,sentence1,I love the colors of autumn.,J'aime les couleurs de l'automne.,05_People_Family_Time/321_autumn_ex1.m4a
05_People_Family_Time,321,sentence2,Autumn is my favorite season.,L'automne est ma saison préférée.,05_People_Family_Time/321_autumn_ex2.m4a
05_People_Family_Time,322,word,winter,hiver,05_People_Family_Time/322_winter.m4a
05_People_Family_Time,322,sentence1,I love the snow in winter.,J'aime la neige en hiver.,05_People_Family_Time/322_winter_ex1.m4a
05_People_Family_Time,322,sentence2,Winter is very cold here.,L'hiver est très froid ici.,05_People_Family_Time/322_winter_ex2.m4a
06_Places_Directions_Transportation,323,word,place,endroit,06_Places_Directions_Transportation/323_place.m4a
06_Places_Directions_Transportation,323,sentence1,This is a beautiful place.,C'est un bel endroit.,06_Places_Directions_Transportation/323_place_ex1.m4a
06_Places_Directions_Transportation,323,sentence2,I found a great place to eat.,J'ai trouvé un excellent endroit pour manger.,06_Places_Directions_Transportation/323_place_ex2.m4a
06_Places_Directions_Transportation,324,word,home,maison / chez soi,06_Places_Directions_Transportation/324_home.m4a
06_Places_Directions_Transportation,324,sentence1,I am going home.,Je rentre à la maison.,06_Places_Directions_Transportation/324_home_ex1.m4a
06_Places_Directions_Transportation,324,sentence2,Welcome home.,Bienvenue à la maison.,06_Places_Directions_Transportation/324_home_ex2.m4a
06_Places_Directions_Transportation,325,word,house,maison,06_Places_Directions_Transportation/325_house.m4a
06_Places_Directions_Transportation,325,sentence1,This is my house.,C'est ma maison.,06_Places_Directions_Transportation/325_house_ex1.m4a
06_Places_Directions_Transportation,325,sentence2,They bought a new house.,Ils ont acheté une nouvelle maison.,06_Places_Directions_Transportation/325_house_ex2.m4a
06_Places_Directions_Transportation,326,word,apartment,appartement,06_Places_Directions_Transportation/326_apartment.m4a
06_Places_Directions_Transportation,326,sentence1,I live in a small apartment.,J'habite dans un petit appartement.,06_Places_Directions_Transportation/326_apartment_ex1.m4a
06_Places_Directions_Transportation,326,sentence2,She rented an apartment downtown.,Elle a loué un appartement au centre-ville.,06_Places_Directions_Transportation/326_apartment_ex2.m4a
06_Places_Directions_Transportation,327,word,room,pièce / chambre,06_Places_Directions_Transportation/327_room.m4a
06_Places_Directions_Transportation,327,sentence1,This room is very bright.,Cette pièce est très lumineuse.,06_Places_Directions_Transportation/327_room_ex1.m4a
06_Places_Directions_Transportation,327,sentence2,My room is upstairs.,Ma chambre est à l'étage.,06_Places_Directions_Transportation/327_room_ex2.m4a
06_Places_Directions_Transportation,328,word,kitchen,cuisine,06_Places_Directions_Transportation/328_kitchen.m4a
06_Places_Directions_Transportation,328,sentence1,The kitchen is very modern.,La cuisine est très moderne.,06_Places_Directions_Transportation/328_kitchen_ex1.m4a
06_Places_Directions_Transportation,328,sentence2,I cook dinner in the kitchen.,Je cuisine le dîner dans la cuisine.,06_Places_Directions_Transportation/328_kitchen_ex2.m4a
06_Places_Directions_Transportation,329,word,bathroom,salle de bain,06_Places_Directions_Transportation/329_bathroom.m4a
06_Places_Directions_Transportation,329,sentence1,The bathroom is very clean.,La salle de bain est très propre.,06_Places_Directions_Transportation/329_bathroom_ex1.m4a
06_Places_Directions_Transportation,329,sentence2,I need to clean the bathroom.,Je dois nettoyer la salle de bain.,06_Places_Directions_Transportation/329_bathroom_ex2.m4a
06_Places_Directions_Transportation,330,word,bedroom,chambre,06_Places_Directions_Transportation/330_bedroom.m4a
06_Places_Directions_Transportation,330,sentence1,My bedroom is very cozy.,Ma chambre est très douillette.,06_Places_Directions_Transportation/330_bedroom_ex1.m4a
06_Places_Directions_Transportation,330,sentence2,We painted the bedroom green.,Nous avons peint la chambre en vert.,06_Places_Directions_Transportation/330_bedroom_ex2.m4a
06_Places_Directions_Transportation,331,word,door,porte,06_Places_Directions_Transportation/331_door.m4a
06_Places_Directions_Transportation,331,sentence1,Please close the door.,"Ferme la porte, s'il te plaît.",06_Places_Directions_Transportation/331_door_ex1.m4a
06_Places_Directions_Transportation,331,sentence2,The door is locked.,La porte est verrouillée.,06_Places_Directions_Transportation/331_door_ex2.m4a
06_Places_Directions_Transportation,332,word,window,fenêtre,06_Places_Directions_Transportation/332_window.m4a
06_Places_Directions_Transportation,332,sentence1,Please open the window.,"Ouvre la fenêtre, s'il te plaît.",06_Places_Directions_Transportation/332_window_ex1.m4a
06_Places_Directions_Transportation,332,sentence2,The window is very dirty.,La fenêtre est très sale.,06_Places_Directions_Transportation/332_window_ex2.m4a
06_Places_Directions_Transportation,333,word,city,ville,06_Places_Directions_Transportation/333_city.m4a
06_Places_Directions_Transportation,333,sentence1,I live in a big city.,J'habite dans une grande ville.,06_Places_Directions_Transportation/333_city_ex1.m4a
06_Places_Directions_Transportation,333,sentence2,This city is beautiful at night.,Cette ville est belle la nuit.,06_Places_Directions_Transportation/333_city_ex2.m4a
06_Places_Directions_Transportation,334,word,town,ville (petite),06_Places_Directions_Transportation/334_town.m4a
06_Places_Directions_Transportation,334,sentence1,I grew up in a small town.,J'ai grandi dans une petite ville.,06_Places_Directions_Transportation/334_town_ex1.m4a
06_Places_Directions_Transportation,334,sentence2,The town has a charming main street.,La ville a une charmante rue principale.,06_Places_Directions_Transportation/334_town_ex2.m4a
06_Places_Directions_Transportation,335,word,village,village,06_Places_Directions_Transportation/335_village.m4a
06_Places_Directions_Transportation,335,sentence1,We visited a small village in France.,Nous avons visité un petit village en France.,06_Places_Directions_Transportation/335_village_ex1.m4a
06_Places_Directions_Transportation,335,sentence2,The village is very peaceful.,Le village est très paisible.,06_Places_Directions_Transportation/335_village_ex2.m4a
06_Places_Directions_Transportation,336,word,country,pays,06_Places_Directions_Transportation/336_country.m4a
06_Places_Directions_Transportation,336,sentence1,France is a beautiful country.,La France est un beau pays.,06_Places_Directions_Transportation/336_country_ex1.m4a
06_Places_Directions_Transportation,336,sentence2,I want to visit many countries.,Je veux visiter de nombreux pays.,06_Places_Directions_Transportation/336_country_ex2.m4a
06_Places_Directions_Transportation,337,word,street,rue,06_Places_Directions_Transportation/337_street.m4a
06_Places_Directions_Transportation,337,sentence1,I live on a quiet street.,J'habite dans une rue calme.,06_Places_Directions_Transportation/337_street_ex1.m4a
06_Places_Directions_Transportation,337,sentence2,The street was full of people.,La rue était pleine de monde.,06_Places_Directions_Transportation/337_street_ex2.m4a
06_Places_Directions_Transportation,338,word,road,route,06_Places_Directions_Transportation/338_road.m4a
06_Places_Directions_Transportation,338,sentence1,This road leads to the beach.,Cette route mène à la plage.,06_Places_Directions_Transportation/338_road_ex1.m4a
06_Places_Directions_Transportation,338,sentence2,The road was very icy.,La route était très glacée.,06_Places_Directions_Transportation/338_road_ex2.m4a
06_Places_Directions_Transportation,339,word,school,école,06_Places_Directions_Transportation/339_school.m4a
06_Places_Directions_Transportation,339,sentence1,I go to school every day.,Je vais à l'école tous les jours.,06_Places_Directions_Transportation/339_school_ex1.m4a
06_Places_Directions_Transportation,339,sentence2,This school has excellent teachers.,Cette école a d'excellents professeurs.,06_Places_Directions_Transportation/339_school_ex2.m4a
06_Places_Directions_Transportation,340,word,university,université,06_Places_Directions_Transportation/340_university.m4a
06_Places_Directions_Transportation,340,sentence1,I study at the university.,J'étudie à l'université.,06_Places_Directions_Transportation/340_university_ex1.m4a
06_Places_Directions_Transportation,340,sentence2,She graduated from a good university.,Elle a obtenu son diplôme d'une bonne université.,06_Places_Directions_Transportation/340_university_ex2.m4a
06_Places_Directions_Transportation,341,word,hospital,hôpital,06_Places_Directions_Transportation/341_hospital.m4a
06_Places_Directions_Transportation,341,sentence1,My mother works at the hospital.,Ma mère travaille à l'hôpital.,06_Places_Directions_Transportation/341_hospital_ex1.m4a
06_Places_Directions_Transportation,341,sentence2,He was taken to the hospital.,Il a été emmené à l'hôpital.,06_Places_Directions_Transportation/341_hospital_ex2.m4a
06_Places_Directions_Transportation,342,word,store,magasin,06_Places_Directions_Transportation/342_store.m4a
06_Places_Directions_Transportation,342,sentence1,I bought this at the store.,J'ai acheté ça au magasin.,06_Places_Directions_Transportation/342_store_ex1.m4a
06_Places_Directions_Transportation,342,sentence2,The store closes at nine.,Le magasin ferme à neuf heures.,06_Places_Directions_Transportation/342_store_ex2.m4a
06_Places_Directions_Transportation,343,word,market,marché,06_Places_Directions_Transportation/343_market.m4a
06_Places_Directions_Transportation,343,sentence1,We buy fresh fruit at the market.,Nous achetons des fruits frais au marché.,06_Places_Directions_Transportation/343_market_ex1.m4a
06_Places_Directions_Transportation,343,sentence2,The market is open every Saturday.,Le marché est ouvert tous les samedis.,06_Places_Directions_Transportation/343_market_ex2.m4a
06_Places_Directions_Transportation,344,word,restaurant,restaurant,06_Places_Directions_Transportation/344_restaurant.m4a
06_Places_Directions_Transportation,344,sentence1,We had dinner at a nice restaurant.,Nous avons dîné dans un bon restaurant.,06_Places_Directions_Transportation/344_restaurant_ex1.m4a
06_Places_Directions_Transportation,344,sentence2,This restaurant serves great pasta.,Ce restaurant sert de délicieuses pâtes.,06_Places_Directions_Transportation/344_restaurant_ex2.m4a
06_Places_Directions_Transportation,345,word,office,bureau,06_Places_Directions_Transportation/345_office.m4a
06_Places_Directions_Transportation,345,sentence1,I work in an office.,Je travaille dans un bureau.,06_Places_Directions_Transportation/345_office_ex1.m4a
06_Places_Directions_Transportation,345,sentence2,The office is downtown.,Le bureau est au centre-ville.,06_Places_Directions_Transportation/345_office_ex2.m4a
06_Places_Directions_Transportation,346,word,park,parc,06_Places_Directions_Transportation/346_park.m4a
06_Places_Directions_Transportation,346,sentence1,We walked in the park.,Nous avons marché dans le parc.,06_Places_Directions_Transportation/346_park_ex1.m4a
06_Places_Directions_Transportation,346,sentence2,The park is full of trees.,Le parc est plein d'arbres.,06_Places_Directions_Transportation/346_park_ex2.m4a
06_Places_Directions_Transportation,347,word,beach,plage,06_Places_Directions_Transportation/347_beach.m4a
06_Places_Directions_Transportation,347,sentence1,We spent the day at the beach.,Nous avons passé la journée à la plage.,06_Places_Directions_Transportation/347_beach_ex1.m4a
06_Places_Directions_Transportation,347,sentence2,The beach was crowded this summer.,La plage était bondée cet été.,06_Places_Directions_Transportation/347_beach_ex2.m4a
06_Places_Directions_Transportation,348,word,mountain,montagne,06_Places_Directions_Transportation/348_mountain.m4a
06_Places_Directions_Transportation,348,sentence1,We hiked up the mountain.,Nous avons randonné jusqu'au sommet de la montagne.,06_Places_Directions_Transportation/348_mountain_ex1.m4a
06_Places_Directions_Transportation,348,sentence2,The mountain is covered in snow.,La montagne est couverte de neige.,06_Places_Directions_Transportation/348_mountain_ex2.m4a
06_Places_Directions_Transportation,349,word,river,rivière,06_Places_Directions_Transportation/349_river.m4a
06_Places_Directions_Transportation,349,sentence1,The river flows through the valley.,La rivière traverse la vallée.,06_Places_Directions_Transportation/349_river_ex1.m4a
06_Places_Directions_Transportation,349,sentence2,We fished in the river.,Nous avons pêché dans la rivière.,06_Places_Directions_Transportation/349_river_ex2.m4a
06_Places_Directions_Transportation,350,word,lake,lac,06_Places_Directions_Transportation/350_lake.m4a
06_Places_Directions_Transportation,350,sentence1,We swam in the lake.,Nous avons nagé dans le lac.,06_Places_Directions_Transportation/350_lake_ex1.m4a
06_Places_Directions_Transportation,350,sentence2,The lake is very clean and clear.,Le lac est très propre et clair.,06_Places_Directions_Transportation/350_lake_ex2.m4a
06_Places_Directions_Transportation,351,word,sea,mer,06_Places_Directions_Transportation/351_sea.m4a
06_Places_Directions_Transportation,351,sentence1,I love the sound of the sea.,J'aime le bruit de la mer.,06_Places_Directions_Transportation/351_sea_ex1.m4a
06_Places_Directions_Transportation,351,sentence2,We swam in the sea.,Nous avons nagé dans la mer.,06_Places_Directions_Transportation/351_sea_ex2.m4a
06_Places_Directions_Transportation,352,word,forest,forêt,06_Places_Directions_Transportation/352_forest.m4a
06_Places_Directions_Transportation,352,sentence1,We walked through the forest.,Nous avons marché à travers la forêt.,06_Places_Directions_Transportation/352_forest_ex1.m4a
06_Places_Directions_Transportation,352,sentence2,The forest is full of wildlife.,La forêt est pleine de faune.,06_Places_Directions_Transportation/352_forest_ex2.m4a
06_Places_Directions_Transportation,353,word,island,île,06_Places_Directions_Transportation/353_island.m4a
06_Places_Directions_Transportation,353,sentence1,We spent our vacation on an island.,Nous avons passé nos vacances sur une île.,06_Places_Directions_Transportation/353_island_ex1.m4a
06_Places_Directions_Transportation,353,sentence2,The island is very small.,L'île est très petite.,06_Places_Directions_Transportation/353_island_ex2.m4a
06_Places_Directions_Transportation,354,word,world,monde,06_Places_Directions_Transportation/354_world.m4a
06_Places_Directions_Transportation,354,sentence1,I want to travel the world.,Je veux voyager à travers le monde.,06_Places_Directions_Transportation/354_world_ex1.m4a
06_Places_Directions_Transportation,354,sentence2,The world is a beautiful place.,Le monde est un bel endroit.,06_Places_Directions_Transportation/354_world_ex2.m4a
06_Places_Directions_Transportation,355,word,airport,aéroport,06_Places_Directions_Transportation/355_airport.m4a
06_Places_Directions_Transportation,355,sentence1,We arrived at the airport early.,Nous sommes arrivés tôt à l'aéroport.,06_Places_Directions_Transportation/355_airport_ex1.m4a
06_Places_Directions_Transportation,355,sentence2,The airport was very crowded.,L'aéroport était très bondé.,06_Places_Directions_Transportation/355_airport_ex2.m4a
06_Places_Directions_Transportation,356,word,station,gare / station,06_Places_Directions_Transportation/356_station.m4a
06_Places_Directions_Transportation,356,sentence1,I waited at the station for the train.,J'ai attendu le train à la gare.,06_Places_Directions_Transportation/356_station_ex1.m4a
06_Places_Directions_Transportation,356,sentence2,The station is very busy in the morning.,La gare est très animée le matin.,06_Places_Directions_Transportation/356_station_ex2.m4a
06_Places_Directions_Transportation,357,word,church,église,06_Places_Directions_Transportation/357_church.m4a
06_Places_Directions_Transportation,357,sentence1,We go to church every Sunday.,Nous allons à l'église tous les dimanches.,06_Places_Directions_Transportation/357_church_ex1.m4a
06_Places_Directions_Transportation,357,sentence2,The church is very old.,L'église est très ancienne.,06_Places_Directions_Transportation/357_church_ex2.m4a
06_Places_Directions_Transportation,358,word,library,bibliothèque,06_Places_Directions_Transportation/358_library.m4a
06_Places_Directions_Transportation,358,sentence1,I study at the library every day.,J'étudie à la bibliothèque tous les jours.,06_Places_Directions_Transportation/358_library_ex1.m4a
06_Places_Directions_Transportation,358,sentence2,The library has thousands of books.,La bibliothèque a des milliers de livres.,06_Places_Directions_Transportation/358_library_ex2.m4a
06_Places_Directions_Transportation,359,word,museum,musée,06_Places_Directions_Transportation/359_museum.m4a
06_Places_Directions_Transportation,359,sentence1,We visited the museum yesterday.,Nous avons visité le musée hier.,06_Places_Directions_Transportation/359_museum_ex1.m4a
06_Places_Directions_Transportation,359,sentence2,The museum has an amazing art collection.,Le musée a une incroyable collection d'art.,06_Places_Directions_Transportation/359_museum_ex2.m4a
06_Places_Directions_Transportation,360,word,hotel,hôtel,06_Places_Directions_Transportation/360_hotel.m4a
06_Places_Directions_Transportation,360,sentence1,We stayed at a nice hotel.,Nous sommes restés dans un bel hôtel.,06_Places_Directions_Transportation/360_hotel_ex1.m4a
06_Places_Directions_Transportation,360,sentence2,The hotel has a beautiful pool.,L'hôtel a une belle piscine.,06_Places_Directions_Transportation/360_hotel_ex2.m4a
06_Places_Directions_Transportation,577,word,north,nord,06_Places_Directions_Transportation/577_north.m4a
06_Places_Directions_Transportation,577,sentence1,We drove north for two hours.,Nous avons roulé vers le nord pendant deux heures.,06_Places_Directions_Transportation/577_north_ex1.m4a
06_Places_Directions_Transportation,577,sentence2,The wind is coming from the north.,Le vent vient du nord.,06_Places_Directions_Transportation/577_north_ex2.m4a
06_Places_Directions_Transportation,578,word,south,sud,06_Places_Directions_Transportation/578_south.m4a
06_Places_Directions_Transportation,578,sentence1,We drove south for two hours.,Nous avons roulé vers le sud pendant deux heures.,06_Places_Directions_Transportation/578_south_ex1.m4a
06_Places_Directions_Transportation,578,sentence2,The wind is coming from the south.,Le vent vient du sud.,06_Places_Directions_Transportation/578_south_ex2.m4a
06_Places_Directions_Transportation,579,word,east,est,06_Places_Directions_Transportation/579_east.m4a
06_Places_Directions_Transportation,579,sentence1,We drove east for two hours.,Nous avons roulé vers l'est pendant deux heures.,06_Places_Directions_Transportation/579_east_ex1.m4a
06_Places_Directions_Transportation,579,sentence2,The sun rises in the east.,Le soleil se lève à l'est.,06_Places_Directions_Transportation/579_east_ex2.m4a
06_Places_Directions_Transportation,580,word,west,ouest,06_Places_Directions_Transportation/580_west.m4a
06_Places_Directions_Transportation,580,sentence1,We drove west for two hours.,Nous avons roulé vers l'ouest pendant deux heures.,06_Places_Directions_Transportation/580_west_ex1.m4a
06_Places_Directions_Transportation,580,sentence2,The sun sets in the west.,Le soleil se couche à l'ouest.,06_Places_Directions_Transportation/580_west_ex2.m4a
06_Places_Directions_Transportation,581,word,left,gauche,06_Places_Directions_Transportation/581_left.m4a
06_Places_Directions_Transportation,581,sentence1,Turn left at the next corner.,Tourne à gauche au prochain coin.,06_Places_Directions_Transportation/581_left_ex1.m4a
06_Places_Directions_Transportation,581,sentence2,She writes with her left hand.,Elle écrit de la main gauche.,06_Places_Directions_Transportation/581_left_ex2.m4a
06_Places_Directions_Transportation,582,word,inside,à l'intérieur,06_Places_Directions_Transportation/582_inside.m4a
06_Places_Directions_Transportation,582,sentence1,We stayed inside because of the rain.,Nous sommes restés à l'intérieur à cause de la pluie.,06_Places_Directions_Transportation/582_inside_ex1.m4a
06_Places_Directions_Transportation,582,sentence2,The keys are inside the drawer.,Les clés sont à l'intérieur du tiroir.,06_Places_Directions_Transportation/582_inside_ex2.m4a
06_Places_Directions_Transportation,583,word,outside,à l'extérieur,06_Places_Directions_Transportation/583_outside.m4a
06_Places_Directions_Transportation,583,sentence1,We played outside all afternoon.,Nous avons joué à l'extérieur tout l'après-midi.,06_Places_Directions_Transportation/583_outside_ex1.m4a
06_Places_Directions_Transportation,583,sentence2,The car is parked outside.,La voiture est garée à l'extérieur.,06_Places_Directions_Transportation/583_outside_ex2.m4a
06_Places_Directions_Transportation,584,word,upstairs,à l'étage,06_Places_Directions_Transportation/584_upstairs.m4a
06_Places_Directions_Transportation,584,sentence1,My bedroom is upstairs.,Ma chambre est à l'étage.,06_Places_Directions_Transportation/584_upstairs_ex1.m4a
06_Places_Directions_Transportation,584,sentence2,She went upstairs to sleep.,Elle est montée à l'étage pour dormir.,06_Places_Directions_Transportation/584_upstairs_ex2.m4a
06_Places_Directions_Transportation,585,word,downstairs,en bas,06_Places_Directions_Transportation/585_downstairs.m4a
06_Places_Directions_Transportation,585,sentence1,The kitchen is downstairs.,La cuisine est en bas.,06_Places_Directions_Transportation/585_downstairs_ex1.m4a
06_Places_Directions_Transportation,585,sentence2,She went downstairs for breakfast.,Elle est descendue en bas pour le petit-déjeuner.,06_Places_Directions_Transportation/585_downstairs_ex2.m4a
06_Places_Directions_Transportation,586,word,nearby,à proximité,06_Places_Directions_Transportation/586_nearby.m4a
06_Places_Directions_Transportation,586,sentence1,There is a park nearby.,Il y a un parc à proximité.,06_Places_Directions_Transportation/586_nearby_ex1.m4a
06_Places_Directions_Transportation,586,sentence2,We found a nice restaurant nearby.,Nous avons trouvé un bon restaurant à proximité.,06_Places_Directions_Transportation/586_nearby_ex2.m4a
06_Places_Directions_Transportation,599,word,bus,bus,06_Places_Directions_Transportation/599_bus.m4a
06_Places_Directions_Transportation,599,sentence1,I take the bus to work.,Je prends le bus pour aller au travail.,06_Places_Directions_Transportation/599_bus_ex1.m4a
06_Places_Directions_Transportation,599,sentence2,The bus arrived late this morning.,Le bus est arrivé en retard ce matin.,06_Places_Directions_Transportation/599_bus_ex2.m4a
06_Places_Directions_Transportation,600,word,train,train,06_Places_Directions_Transportation/600_train.m4a
06_Places_Directions_Transportation,600,sentence1,I take the train to work.,Je prends le train pour aller au travail.,06_Places_Directions_Transportation/600_train_ex1.m4a
06_Places_Directions_Transportation,600,sentence2,The train arrived on time.,Le train est arrivé à l'heure.,06_Places_Directions_Transportation/600_train_ex2.m4a
06_Places_Directions_Transportation,601,word,plane,avion,06_Places_Directions_Transportation/601_plane.m4a
06_Places_Directions_Transportation,601,sentence1,I take the plane for long trips.,Je prends l'avion pour les longs voyages.,06_Places_Directions_Transportation/601_plane_ex1.m4a
06_Places_Directions_Transportation,601,sentence2,The plane arrived on time.,L'avion est arrivé à l'heure.,06_Places_Directions_Transportation/601_plane_ex2.m4a
06_Places_Directions_Transportation,602,word,bicycle,vélo,06_Places_Directions_Transportation/602_bicycle.m4a
06_Places_Directions_Transportation,602,sentence1,I ride my bicycle to work.,Je vais au travail à vélo.,06_Places_Directions_Transportation/602_bicycle_ex1.m4a
06_Places_Directions_Transportation,602,sentence2,The bicycle needs new tires.,Le vélo a besoin de nouveaux pneus.,06_Places_Directions_Transportation/602_bicycle_ex2.m4a
06_Places_Directions_Transportation,603,word,boat,bateau,06_Places_Directions_Transportation/603_boat.m4a
06_Places_Directions_Transportation,603,sentence1,We took a boat across the lake.,Nous avons pris un bateau pour traverser le lac.,06_Places_Directions_Transportation/603_boat_ex1.m4a
06_Places_Directions_Transportation,603,sentence2,The boat arrived at the dock.,Le bateau est arrivé au quai.,06_Places_Directions_Transportation/603_boat_ex2.m4a
06_Places_Directions_Transportation,604,word,ship,navire,06_Places_Directions_Transportation/604_ship.m4a
06_Places_Directions_Transportation,604,sentence1,The ship sailed across the ocean.,Le navire a navigué à travers l'océan.,06_Places_Directions_Transportation/604_ship_ex1.m4a
06_Places_Directions_Transportation,604,sentence2,This ship is very large.,Ce navire est très grand.,06_Places_Directions_Transportation/604_ship_ex2.m4a
06_Places_Directions_Transportation,605,word,taxi,taxi,06_Places_Directions_Transportation/605_taxi.m4a
06_Places_Directions_Transportation,605,sentence1,I took a taxi to the airport.,J'ai pris un taxi pour l'aéroport.,06_Places_Directions_Transportation/605_taxi_ex1.m4a
06_Places_Directions_Transportation,605,sentence2,The taxi arrived quickly.,Le taxi est arrivé rapidement.,06_Places_Directions_Transportation/605_taxi_ex2.m4a
06_Places_Directions_Transportation,606,word,subway,métro,06_Places_Directions_Transportation/606_subway.m4a
06_Places_Directions_Transportation,606,sentence1,I take the subway to work.,Je prends le métro pour aller au travail.,06_Places_Directions_Transportation/606_subway_ex1.m4a
06_Places_Directions_Transportation,606,sentence2,The subway arrived right on time.,Le métro est arrivé pile à l'heure.,06_Places_Directions_Transportation/606_subway_ex2.m4a
06_Places_Directions_Transportation,607,word,motorcycle,moto,06_Places_Directions_Transportation/607_motorcycle.m4a
06_Places_Directions_Transportation,607,sentence1,He rides a motorcycle to work.,Il va au travail en moto.,06_Places_Directions_Transportation/607_motorcycle_ex1.m4a
06_Places_Directions_Transportation,607,sentence2,The motorcycle is very fast.,La moto est très rapide.,06_Places_Directions_Transportation/607_motorcycle_ex2.m4a
06_Places_Directions_Transportation,608,word,ticket,billet,06_Places_Directions_Transportation/608_ticket.m4a
06_Places_Directions_Transportation,608,sentence1,I bought a ticket for the concert.,J'ai acheté un billet pour le concert.,06_Places_Directions_Transportation/608_ticket_ex1.m4a
06_Places_Directions_Transportation,608,sentence2,The ticket price increased this year.,Le prix du billet a augmenté cette année.,06_Places_Directions_Transportation/608_ticket_ex2.m4a
06_Places_Directions_Transportation,609,word,luggage,bagages,06_Places_Directions_Transportation/609_luggage.m4a
06_Places_Directions_Transportation,609,sentence1,I packed my luggage last night.,J'ai fait mes bagages hier soir.,06_Places_Directions_Transportation/609_luggage_ex1.m4a
06_Places_Directions_Transportation,609,sentence2,The luggage was very heavy.,Les bagages étaient très lourds.,06_Places_Directions_Transportation/609_luggage_ex2.m4a
06_Places_Directions_Transportation,610,word,traffic,circulation,06_Places_Directions_Transportation/610_traffic.m4a
06_Places_Directions_Transportation,610,sentence1,The traffic was very heavy this morning.,La circulation était très dense ce matin.,06_Places_Directions_Transportation/610_traffic_ex1.m4a
06_Places_Directions_Transportation,610,sentence2,We got stuck in traffic for an hour.,Nous avons été coincés dans la circulation pendant une heure.,06_Places_Directions_Transportation/610_traffic_ex2.m4a
07_Food_Drink_Shopping_Money,361,word,food,nourriture,07_Food_Drink_Shopping_Money/361_food.m4a
07_Food_Drink_Shopping_Money,361,sentence1,I love Italian food.,J'adore la cuisine italienne.,07_Food_Drink_Shopping_Money/361_food_ex1.m4a
07_Food_Drink_Shopping_Money,361,sentence2,The food here is delicious.,La nourriture ici est délicieuse.,07_Food_Drink_Shopping_Money/361_food_ex2.m4a
07_Food_Drink_Shopping_Money,362,word,water,eau,07_Food_Drink_Shopping_Money/362_water.m4a
07_Food_Drink_Shopping_Money,362,sentence1,I drink water every day.,Je bois de l'eau tous les jours.,07_Food_Drink_Shopping_Money/362_water_ex1.m4a
07_Food_Drink_Shopping_Money,362,sentence2,This water is very cold.,Cette eau est très froide.,07_Food_Drink_Shopping_Money/362_water_ex2.m4a
07_Food_Drink_Shopping_Money,363,word,bread,pain,07_Food_Drink_Shopping_Money/363_bread.m4a
07_Food_Drink_Shopping_Money,363,sentence1,I love fresh bread in the morning.,J'adore le pain frais le matin.,07_Food_Drink_Shopping_Money/363_bread_ex1.m4a
07_Food_Drink_Shopping_Money,363,sentence2,She baked bread this morning.,Elle a fait du pain ce matin.,07_Food_Drink_Shopping_Money/363_bread_ex2.m4a
07_Food_Drink_Shopping_Money,364,word,milk,lait,07_Food_Drink_Shopping_Money/364_milk.m4a
07_Food_Drink_Shopping_Money,364,sentence1,I drink milk every morning.,Je bois du lait tous les matins.,07_Food_Drink_Shopping_Money/364_milk_ex1.m4a
07_Food_Drink_Shopping_Money,364,sentence2,We ran out of milk.,Nous n'avons plus de lait.,07_Food_Drink_Shopping_Money/364_milk_ex2.m4a
07_Food_Drink_Shopping_Money,365,word,cheese,fromage,07_Food_Drink_Shopping_Money/365_cheese.m4a
07_Food_Drink_Shopping_Money,365,sentence1,I love French cheese.,J'adore le fromage français.,07_Food_Drink_Shopping_Money/365_cheese_ex1.m4a
07_Food_Drink_Shopping_Money,365,sentence2,We had cheese and crackers.,Nous avons mangé du fromage et des biscuits salés.,07_Food_Drink_Shopping_Money/365_cheese_ex2.m4a
07_Food_Drink_Shopping_Money,366,word,meat,viande,07_Food_Drink_Shopping_Money/366_meat.m4a
07_Food_Drink_Shopping_Money,366,sentence1,I don't eat meat.,Je ne mange pas de viande.,07_Food_Drink_Shopping_Money/366_meat_ex1.m4a
07_Food_Drink_Shopping_Money,366,sentence2,She cooked meat for dinner.,Elle a cuisiné de la viande pour le dîner.,07_Food_Drink_Shopping_Money/366_meat_ex2.m4a
07_Food_Drink_Shopping_Money,367,word,fish,poisson,07_Food_Drink_Shopping_Money/367_fish.m4a
07_Food_Drink_Shopping_Money,367,sentence1,I love eating fish.,J'adore manger du poisson.,07_Food_Drink_Shopping_Money/367_fish_ex1.m4a
07_Food_Drink_Shopping_Money,367,sentence2,We caught fish in the lake.,Nous avons attrapé du poisson dans le lac.,07_Food_Drink_Shopping_Money/367_fish_ex2.m4a
07_Food_Drink_Shopping_Money,368,word,fruit,fruit,07_Food_Drink_Shopping_Money/368_fruit.m4a
07_Food_Drink_Shopping_Money,368,sentence1,I eat fruit every day.,Je mange des fruits tous les jours.,07_Food_Drink_Shopping_Money/368_fruit_ex1.m4a
07_Food_Drink_Shopping_Money,368,sentence2,This fruit is very sweet.,Ce fruit est très sucré.,07_Food_Drink_Shopping_Money/368_fruit_ex2.m4a
07_Food_Drink_Shopping_Money,369,word,vegetable,légume,07_Food_Drink_Shopping_Money/369_vegetable.m4a
07_Food_Drink_Shopping_Money,369,sentence1,I eat vegetables every day.,Je mange des légumes tous les jours.,07_Food_Drink_Shopping_Money/369_vegetable_ex1.m4a
07_Food_Drink_Shopping_Money,369,sentence2,We grow vegetables in our garden.,Nous cultivons des légumes dans notre jardin.,07_Food_Drink_Shopping_Money/369_vegetable_ex2.m4a
07_Food_Drink_Shopping_Money,370,word,apple,pomme,07_Food_Drink_Shopping_Money/370_apple.m4a
07_Food_Drink_Shopping_Money,370,sentence1,I eat an apple every day.,Je mange une pomme tous les jours.,07_Food_Drink_Shopping_Money/370_apple_ex1.m4a
07_Food_Drink_Shopping_Money,370,sentence2,This apple is very sweet.,Cette pomme est très sucrée.,07_Food_Drink_Shopping_Money/370_apple_ex2.m4a
07_Food_Drink_Shopping_Money,371,word,rice,riz,07_Food_Drink_Shopping_Money/371_rice.m4a
07_Food_Drink_Shopping_Money,371,sentence1,I cook rice every night.,Je cuisine du riz tous les soirs.,07_Food_Drink_Shopping_Money/371_rice_ex1.m4a
07_Food_Drink_Shopping_Money,371,sentence2,This rice is very fluffy.,Ce riz est très moelleux.,07_Food_Drink_Shopping_Money/371_rice_ex2.m4a
07_Food_Drink_Shopping_Money,372,word,egg,œuf,07_Food_Drink_Shopping_Money/372_egg.m4a
07_Food_Drink_Shopping_Money,372,sentence1,I eat eggs for breakfast.,Je mange des œufs au petit-déjeuner.,07_Food_Drink_Shopping_Money/372_egg_ex1.m4a
07_Food_Drink_Shopping_Money,372,sentence2,She cooked eggs this morning.,Elle a cuisiné des œufs ce matin.,07_Food_Drink_Shopping_Money/372_egg_ex2.m4a
07_Food_Drink_Shopping_Money,373,word,sugar,sucre,07_Food_Drink_Shopping_Money/373_sugar.m4a
07_Food_Drink_Shopping_Money,373,sentence1,I don't add sugar to my coffee.,Je n'ajoute pas de sucre dans mon café.,07_Food_Drink_Shopping_Money/373_sugar_ex1.m4a
07_Food_Drink_Shopping_Money,373,sentence2,This cake has too much sugar.,Ce gâteau a trop de sucre.,07_Food_Drink_Shopping_Money/373_sugar_ex2.m4a
07_Food_Drink_Shopping_Money,374,word,salt,sel,07_Food_Drink_Shopping_Money/374_salt.m4a
07_Food_Drink_Shopping_Money,374,sentence1,I add salt to my food.,J'ajoute du sel à ma nourriture.,07_Food_Drink_Shopping_Money/374_salt_ex1.m4a
07_Food_Drink_Shopping_Money,374,sentence2,This soup needs more salt.,Cette soupe a besoin de plus de sel.,07_Food_Drink_Shopping_Money/374_salt_ex2.m4a
07_Food_Drink_Shopping_Money,375,word,coffee,café,07_Food_Drink_Shopping_Money/375_coffee.m4a
07_Food_Drink_Shopping_Money,375,sentence1,I drink coffee every morning.,Je bois du café tous les matins.,07_Food_Drink_Shopping_Money/375_coffee_ex1.m4a
07_Food_Drink_Shopping_Money,375,sentence2,This coffee tastes amazing.,Ce café a un goût incroyable.,07_Food_Drink_Shopping_Money/375_coffee_ex2.m4a
07_Food_Drink_Shopping_Money,376,word,tea,thé,07_Food_Drink_Shopping_Money/376_tea.m4a
07_Food_Drink_Shopping_Money,376,sentence1,I drink tea every afternoon.,Je bois du thé tous les après-midis.,07_Food_Drink_Shopping_Money/376_tea_ex1.m4a
07_Food_Drink_Shopping_Money,376,sentence2,This tea tastes very calming.,Ce thé a un goût très apaisant.,07_Food_Drink_Shopping_Money/376_tea_ex2.m4a
07_Food_Drink_Shopping_Money,377,word,juice,jus,07_Food_Drink_Shopping_Money/377_juice.m4a
07_Food_Drink_Shopping_Money,377,sentence1,I drink orange juice every morning.,Je bois du jus d'orange tous les matins.,07_Food_Drink_Shopping_Money/377_juice_ex1.m4a
07_Food_Drink_Shopping_Money,377,sentence2,This juice tastes very fresh.,Ce jus a un goût très frais.,07_Food_Drink_Shopping_Money/377_juice_ex2.m4a
07_Food_Drink_Shopping_Money,378,word,wine,vin,07_Food_Drink_Shopping_Money/378_wine.m4a
07_Food_Drink_Shopping_Money,378,sentence1,We had wine with dinner.,Nous avons pris du vin avec le dîner.,07_Food_Drink_Shopping_Money/378_wine_ex1.m4a
07_Food_Drink_Shopping_Money,378,sentence2,This wine tastes excellent.,Ce vin a un goût excellent.,07_Food_Drink_Shopping_Money/378_wine_ex2.m4a
07_Food_Drink_Shopping_Money,379,word,breakfast,petit-déjeuner,07_Food_Drink_Shopping_Money/379_breakfast.m4a
07_Food_Drink_Shopping_Money,379,sentence1,I eat breakfast every morning.,Je prends le petit-déjeuner tous les matins.,07_Food_Drink_Shopping_Money/379_breakfast_ex1.m4a
07_Food_Drink_Shopping_Money,379,sentence2,We had breakfast together.,Nous avons pris le petit-déjeuner ensemble.,07_Food_Drink_Shopping_Money/379_breakfast_ex2.m4a
07_Food_Drink_Shopping_Money,380,word,lunch,déjeuner,07_Food_Drink_Shopping_Money/380_lunch.m4a
07_Food_Drink_Shopping_Money,380,sentence1,I eat lunch at noon.,Je prends le déjeuner à midi.,07_Food_Drink_Shopping_Money/380_lunch_ex1.m4a
07_Food_Drink_Shopping_Money,380,sentence2,We had lunch together.,Nous avons déjeuné ensemble.,07_Food_Drink_Shopping_Money/380_lunch_ex2.m4a
07_Food_Drink_Shopping_Money,381,word,dinner,dîner,07_Food_Drink_Shopping_Money/381_dinner.m4a
07_Food_Drink_Shopping_Money,381,sentence1,I eat dinner at seven.,Je dîne à dix-neuf heures.,07_Food_Drink_Shopping_Money/381_dinner_ex1.m4a
07_Food_Drink_Shopping_Money,381,sentence2,We had dinner together.,Nous avons dîné ensemble.,07_Food_Drink_Shopping_Money/381_dinner_ex2.m4a
07_Food_Drink_Shopping_Money,382,word,meal,repas,07_Food_Drink_Shopping_Money/382_meal.m4a
07_Food_Drink_Shopping_Money,382,sentence1,This was a delicious meal.,C'était un repas délicieux.,07_Food_Drink_Shopping_Money/382_meal_ex1.m4a
07_Food_Drink_Shopping_Money,382,sentence2,We shared a meal together.,Nous avons partagé un repas ensemble.,07_Food_Drink_Shopping_Money/382_meal_ex2.m4a
07_Food_Drink_Shopping_Money,611,word,shop,boutique,07_Food_Drink_Shopping_Money/611_shop.m4a
07_Food_Drink_Shopping_Money,611,sentence1,I bought this at a small shop.,J'ai acheté ça dans une petite boutique.,07_Food_Drink_Shopping_Money/611_shop_ex1.m4a
07_Food_Drink_Shopping_Money,611,sentence2,This shop sells handmade jewelry.,Cette boutique vend des bijoux faits main.,07_Food_Drink_Shopping_Money/611_shop_ex2.m4a
07_Food_Drink_Shopping_Money,612,word,price,prix,07_Food_Drink_Shopping_Money/612_price.m4a
07_Food_Drink_Shopping_Money,612,sentence1,The price of this jacket is too high.,Le prix de cette veste est trop élevé.,07_Food_Drink_Shopping_Money/612_price_ex1.m4a
07_Food_Drink_Shopping_Money,612,sentence2,I asked about the price before buying.,J'ai demandé le prix avant d'acheter.,07_Food_Drink_Shopping_Money/612_price_ex2.m4a
07_Food_Drink_Shopping_Money,613,word,discount,réduction,07_Food_Drink_Shopping_Money/613_discount.m4a
07_Food_Drink_Shopping_Money,613,sentence1,We got a discount on the purchase.,Nous avons obtenu une réduction sur l'achat.,07_Food_Drink_Shopping_Money/613_discount_ex1.m4a
07_Food_Drink_Shopping_Money,613,sentence2,This store offers a big discount today.,Ce magasin offre une grosse réduction aujourd'hui.,07_Food_Drink_Shopping_Money/613_discount_ex2.m4a
07_Food_Drink_Shopping_Money,614,word,receipt,reçu,07_Food_Drink_Shopping_Money/614_receipt.m4a
07_Food_Drink_Shopping_Money,614,sentence1,Please keep your receipt.,"Garde ton reçu, s'il te plaît.",07_Food_Drink_Shopping_Money/614_receipt_ex1.m4a
07_Food_Drink_Shopping_Money,614,sentence2,I lost my receipt for the return.,J'ai perdu mon reçu pour le remboursement.,07_Food_Drink_Shopping_Money/614_receipt_ex2.m4a
07_Food_Drink_Shopping_Money,615,word,cash,argent liquide,07_Food_Drink_Shopping_Money/615_cash.m4a
07_Food_Drink_Shopping_Money,615,sentence1,I paid in cash.,J'ai payé en argent liquide.,07_Food_Drink_Shopping_Money/615_cash_ex1.m4a
07_Food_Drink_Shopping_Money,615,sentence2,I don't carry much cash.,Je n'ai pas beaucoup d'argent liquide sur moi.,07_Food_Drink_Shopping_Money/615_cash_ex2.m4a
07_Food_Drink_Shopping_Money,616,word,wallet,portefeuille,07_Food_Drink_Shopping_Money/616_wallet.m4a
07_Food_Drink_Shopping_Money,616,sentence1,I lost my wallet yesterday.,J'ai perdu mon portefeuille hier.,07_Food_Drink_Shopping_Money/616_wallet_ex1.m4a
07_Food_Drink_Shopping_Money,616,sentence2,This wallet is made of leather.,Ce portefeuille est en cuir.,07_Food_Drink_Shopping_Money/616_wallet_ex2.m4a
07_Food_Drink_Shopping_Money,617,word,bargain,bonne affaire,07_Food_Drink_Shopping_Money/617_bargain.m4a
07_Food_Drink_Shopping_Money,617,sentence1,This is a great bargain.,C'est une excellente affaire.,07_Food_Drink_Shopping_Money/617_bargain_ex1.m4a
07_Food_Drink_Shopping_Money,617,sentence2,I found a bargain at the market.,J'ai trouvé une bonne affaire au marché.,07_Food_Drink_Shopping_Money/617_bargain_ex2.m4a
07_Food_Drink_Shopping_Money,618,word,customer,client,07_Food_Drink_Shopping_Money/618_customer.m4a
07_Food_Drink_Shopping_Money,618,sentence1,The customer was very satisfied.,Le client était très satisfait.,07_Food_Drink_Shopping_Money/618_customer_ex1.m4a
07_Food_Drink_Shopping_Money,618,sentence2,We treat every customer with respect.,Nous traitons chaque client avec respect.,07_Food_Drink_Shopping_Money/618_customer_ex2.m4a
07_Food_Drink_Shopping_Money,619,word,sale,solde,07_Food_Drink_Shopping_Money/619_sale.m4a
07_Food_Drink_Shopping_Money,619,sentence1,There is a big sale this weekend.,Il y a de grands soldes ce week-end.,07_Food_Drink_Shopping_Money/619_sale_ex1.m4a
07_Food_Drink_Shopping_Money,619,sentence2,I bought this dress on sale.,J'ai acheté cette robe en solde.,07_Food_Drink_Shopping_Money/619_sale_ex2.m4a
07_Food_Drink_Shopping_Money,620,word,coupon,coupon,07_Food_Drink_Shopping_Money/620_coupon.m4a
07_Food_Drink_Shopping_Money,620,sentence1,I used a coupon for this purchase.,J'ai utilisé un coupon pour cet achat.,07_Food_Drink_Shopping_Money/620_coupon_ex1.m4a
07_Food_Drink_Shopping_Money,620,sentence2,This coupon gives twenty percent off.,Ce coupon donne une réduction de vingt pour cent.,07_Food_Drink_Shopping_Money/620_coupon_ex2.m4a
08_Body_Health_Emotions,383,word,body,corps,08_Body_Health_Emotions/383_body.m4a
08_Body_Health_Emotions,383,sentence1,I exercise to keep my body healthy.,Je fais de l'exercice pour garder mon corps en bonne santé.,08_Body_Health_Emotions/383_body_ex1.m4a
08_Body_Health_Emotions,383,sentence2,The human body is amazing.,Le corps humain est incroyable.,08_Body_Health_Emotions/383_body_ex2.m4a
08_Body_Health_Emotions,384,word,head,tête,08_Body_Health_Emotions/384_head.m4a
08_Body_Health_Emotions,384,sentence1,I have a headache.,J'ai mal à la tête.,08_Body_Health_Emotions/384_head_ex1.m4a
08_Body_Health_Emotions,384,sentence2,She nodded her head.,Elle a hoché la tête.,08_Body_Health_Emotions/384_head_ex2.m4a
08_Body_Health_Emotions,385,word,face,visage,08_Body_Health_Emotions/385_face.m4a
08_Body_Health_Emotions,385,sentence1,She has a beautiful face.,Elle a un beau visage.,08_Body_Health_Emotions/385_face_ex1.m4a
08_Body_Health_Emotions,385,sentence2,I washed my face this morning.,Je me suis lavé le visage ce matin.,08_Body_Health_Emotions/385_face_ex2.m4a
08_Body_Health_Emotions,386,word,eye,œil,08_Body_Health_Emotions/386_eye.m4a
08_Body_Health_Emotions,386,sentence1,She has beautiful blue eyes.,Elle a de beaux yeux bleus.,08_Body_Health_Emotions/386_eye_ex1.m4a
08_Body_Health_Emotions,386,sentence2,I closed my eyes and rested.,J'ai fermé les yeux et me suis reposé.,08_Body_Health_Emotions/386_eye_ex2.m4a
08_Body_Health_Emotions,387,word,ear,oreille,08_Body_Health_Emotions/387_ear.m4a
08_Body_Health_Emotions,387,sentence1,My ear hurts.,J'ai mal à l'oreille.,08_Body_Health_Emotions/387_ear_ex1.m4a
08_Body_Health_Emotions,387,sentence2,She whispered in my ear.,Elle a chuchoté à mon oreille.,08_Body_Health_Emotions/387_ear_ex2.m4a
08_Body_Health_Emotions,388,word,nose,nez,08_Body_Health_Emotions/388_nose.m4a
08_Body_Health_Emotions,388,sentence1,My nose is cold.,J'ai le nez froid.,08_Body_Health_Emotions/388_nose_ex1.m4a
08_Body_Health_Emotions,388,sentence2,She has a small nose.,Elle a un petit nez.,08_Body_Health_Emotions/388_nose_ex2.m4a
08_Body_Health_Emotions,389,word,mouth,bouche,08_Body_Health_Emotions/389_mouth.m4a
08_Body_Health_Emotions,389,sentence1,She has a big smile on her mouth.,Elle a un grand sourire sur les lèvres.,08_Body_Health_Emotions/389_mouth_ex1.m4a
08_Body_Health_Emotions,389,sentence2,I opened my mouth to speak.,J'ai ouvert la bouche pour parler.,08_Body_Health_Emotions/389_mouth_ex2.m4a
08_Body_Health_Emotions,390,word,hand,main,08_Body_Health_Emotions/390_hand.m4a
08_Body_Health_Emotions,390,sentence1,She held my hand.,Elle a tenu ma main.,08_Body_Health_Emotions/390_hand_ex1.m4a
08_Body_Health_Emotions,390,sentence2,I washed my hands before eating.,Je me suis lavé les mains avant de manger.,08_Body_Health_Emotions/390_hand_ex2.m4a
08_Body_Health_Emotions,391,word,arm,bras,08_Body_Health_Emotions/391_arm.m4a
08_Body_Health_Emotions,391,sentence1,She broke her arm skiing.,Elle s'est cassé le bras en skiant.,08_Body_Health_Emotions/391_arm_ex1.m4a
08_Body_Health_Emotions,391,sentence2,I carried the box under my arm.,J'ai porté la boîte sous mon bras.,08_Body_Health_Emotions/391_arm_ex2.m4a
08_Body_Health_Emotions,392,word,leg,jambe,08_Body_Health_Emotions/392_leg.m4a
08_Body_Health_Emotions,392,sentence1,She broke her leg last winter.,Elle s'est cassé la jambe l'hiver dernier.,08_Body_Health_Emotions/392_leg_ex1.m4a
08_Body_Health_Emotions,392,sentence2,My legs are tired from walking.,J'ai les jambes fatiguées d'avoir marché.,08_Body_Health_Emotions/392_leg_ex2.m4a
08_Body_Health_Emotions,393,word,foot,pied,08_Body_Health_Emotions/393_foot.m4a
08_Body_Health_Emotions,393,sentence1,My foot hurts.,J'ai mal au pied.,08_Body_Health_Emotions/393_foot_ex1.m4a
08_Body_Health_Emotions,393,sentence2,I hurt my foot playing soccer.,Je me suis blessé au pied en jouant au soccer.,08_Body_Health_Emotions/393_foot_ex2.m4a
08_Body_Health_Emotions,394,word,heart,cœur,08_Body_Health_Emotions/394_heart.m4a
08_Body_Health_Emotions,394,sentence1,My heart beats fast when I'm nervous.,Mon cœur bat vite quand je suis nerveux.,08_Body_Health_Emotions/394_heart_ex1.m4a
08_Body_Health_Emotions,394,sentence2,She has a kind heart.,Elle a un cœur généreux.,08_Body_Health_Emotions/394_heart_ex2.m4a
08_Body_Health_Emotions,395,word,hair,cheveux,08_Body_Health_Emotions/395_hair.m4a
08_Body_Health_Emotions,395,sentence1,She has long brown hair.,Elle a de longs cheveux bruns.,08_Body_Health_Emotions/395_hair_ex1.m4a
08_Body_Health_Emotions,395,sentence2,I need to cut my hair.,Je dois me couper les cheveux.,08_Body_Health_Emotions/395_hair_ex2.m4a
08_Body_Health_Emotions,396,word,health,santé,08_Body_Health_Emotions/396_health.m4a
08_Body_Health_Emotions,396,sentence1,I take care of my health.,Je prends soin de ma santé.,08_Body_Health_Emotions/396_health_ex1.m4a
08_Body_Health_Emotions,396,sentence2,Good health is very important.,Une bonne santé est très importante.,08_Body_Health_Emotions/396_health_ex2.m4a
08_Body_Health_Emotions,397,word,sick,malade,08_Body_Health_Emotions/397_sick.m4a
08_Body_Health_Emotions,397,sentence1,I feel sick today.,Je me sens malade aujourd'hui.,08_Body_Health_Emotions/397_sick_ex1.m4a
08_Body_Health_Emotions,397,sentence2,She was sick last week.,Elle était malade la semaine dernière.,08_Body_Health_Emotions/397_sick_ex2.m4a
08_Body_Health_Emotions,398,word,pain,douleur,08_Body_Health_Emotions/398_pain.m4a
08_Body_Health_Emotions,398,sentence1,I feel pain in my back.,Je ressens une douleur dans le dos.,08_Body_Health_Emotions/398_pain_ex1.m4a
08_Body_Health_Emotions,398,sentence2,She was in a lot of pain.,Elle souffrait beaucoup.,08_Body_Health_Emotions/398_pain_ex2.m4a
08_Body_Health_Emotions,399,word,tired,fatigué,08_Body_Health_Emotions/399_tired.m4a
08_Body_Health_Emotions,399,sentence1,I am tired today.,Je suis fatigué aujourd'hui.,08_Body_Health_Emotions/399_tired_ex1.m4a
08_Body_Health_Emotions,399,sentence2,She looks tired after work.,Elle a l'air fatiguée après le travail.,08_Body_Health_Emotions/399_tired_ex2.m4a
08_Body_Health_Emotions,400,word,strong,fort,08_Body_Health_Emotions/400_strong.m4a
08_Body_Health_Emotions,400,sentence1,He is very strong.,Il est très fort.,08_Body_Health_Emotions/400_strong_ex1.m4a
08_Body_Health_Emotions,400,sentence2,She has a strong personality.,Elle a une forte personnalité.,08_Body_Health_Emotions/400_strong_ex2.m4a
08_Body_Health_Emotions,401,word,weak,faible,08_Body_Health_Emotions/401_weak.m4a
08_Body_Health_Emotions,401,sentence1,I feel weak after the illness.,Je me sens faible après la maladie.,08_Body_Health_Emotions/401_weak_ex1.m4a
08_Body_Health_Emotions,401,sentence2,The signal is weak here.,Le signal est faible ici.,08_Body_Health_Emotions/401_weak_ex2.m4a
08_Body_Health_Emotions,643,word,medicine,médicament,08_Body_Health_Emotions/643_medicine.m4a
08_Body_Health_Emotions,643,sentence1,I take medicine every morning.,Je prends un médicament chaque matin.,08_Body_Health_Emotions/643_medicine_ex1.m4a
08_Body_Health_Emotions,643,sentence2,This medicine helps with headaches.,Ce médicament aide contre les maux de tête.,08_Body_Health_Emotions/643_medicine_ex2.m4a
08_Body_Health_Emotions,644,word,pharmacy,pharmacie,08_Body_Health_Emotions/644_pharmacy.m4a
08_Body_Health_Emotions,644,sentence1,I bought medicine at the pharmacy.,J'ai acheté un médicament à la pharmacie.,08_Body_Health_Emotions/644_pharmacy_ex1.m4a
08_Body_Health_Emotions,644,sentence2,This pharmacy is open all night.,Cette pharmacie est ouverte toute la nuit.,08_Body_Health_Emotions/644_pharmacy_ex2.m4a
08_Body_Health_Emotions,645,word,vitamin,vitamine,08_Body_Health_Emotions/645_vitamin.m4a
08_Body_Health_Emotions,645,sentence1,I take a vitamin every morning.,Je prends une vitamine chaque matin.,08_Body_Health_Emotions/645_vitamin_ex1.m4a
08_Body_Health_Emotions,645,sentence2,This vitamin is good for the immune system.,Cette vitamine est bonne pour le système immunitaire.,08_Body_Health_Emotions/645_vitamin_ex2.m4a
08_Body_Health_Emotions,646,word,exercise,exercice,08_Body_Health_Emotions/646_exercise.m4a
08_Body_Health_Emotions,646,sentence1,I exercise every morning.,Je fais de l'exercice chaque matin.,08_Body_Health_Emotions/646_exercise_ex1.m4a
08_Body_Health_Emotions,646,sentence2,This exercise strengthens the legs.,Cet exercice renforce les jambes.,08_Body_Health_Emotions/646_exercise_ex2.m4a
08_Body_Health_Emotions,647,word,diet,régime,08_Body_Health_Emotions/647_diet.m4a
08_Body_Health_Emotions,647,sentence1,I started a healthy diet last month.,J'ai commencé un régime sain le mois dernier.,08_Body_Health_Emotions/647_diet_ex1.m4a
08_Body_Health_Emotions,647,sentence2,This diet includes a lot of vegetables.,Ce régime comprend beaucoup de légumes.,08_Body_Health_Emotions/647_diet_ex2.m4a
08_Body_Health_Emotions,648,word,symptom,symptôme,08_Body_Health_Emotions/648_symptom.m4a
08_Body_Health_Emotions,648,sentence1,I have a symptom of a cold.,J'ai un symptôme de rhume.,08_Body_Health_Emotions/648_symptom_ex1.m4a
08_Body_Health_Emotions,648,sentence2,This symptom appeared yesterday.,Ce symptôme est apparu hier.,08_Body_Health_Emotions/648_symptom_ex2.m4a
08_Body_Health_Emotions,649,word,fever,fièvre,08_Body_Health_Emotions/649_fever.m4a
08_Body_Health_Emotions,649,sentence1,I have a fever today.,J'ai de la fièvre aujourd'hui.,08_Body_Health_Emotions/649_fever_ex1.m4a
08_Body_Health_Emotions,649,sentence2,This fever is very high.,Cette fièvre est très élevée.,08_Body_Health_Emotions/649_fever_ex2.m4a
08_Body_Health_Emotions,650,word,injury,blessure,08_Body_Health_Emotions/650_injury.m4a
08_Body_Health_Emotions,650,sentence1,He suffered an injury during the game.,Il a subi une blessure pendant le match.,08_Body_Health_Emotions/650_injury_ex1.m4a
08_Body_Health_Emotions,650,sentence2,This injury will take weeks to heal.,Cette blessure prendra des semaines à guérir.,08_Body_Health_Emotions/650_injury_ex2.m4a
08_Body_Health_Emotions,651,word,therapy,thérapie,08_Body_Health_Emotions/651_therapy.m4a
08_Body_Health_Emotions,651,sentence1,I started therapy last month.,J'ai commencé une thérapie le mois dernier.,08_Body_Health_Emotions/651_therapy_ex1.m4a
08_Body_Health_Emotions,651,sentence2,This therapy helped me a lot.,Cette thérapie m'a beaucoup aidé.,08_Body_Health_Emotions/651_therapy_ex2.m4a
08_Body_Health_Emotions,652,word,appointment,rendez-vous,08_Body_Health_Emotions/652_appointment.m4a
08_Body_Health_Emotions,652,sentence1,I have an appointment tomorrow.,J'ai un rendez-vous demain.,08_Body_Health_Emotions/652_appointment_ex1.m4a
08_Body_Health_Emotions,652,sentence2,This appointment is with my doctor.,Ce rendez-vous est avec mon médecin.,08_Body_Health_Emotions/652_appointment_ex2.m4a
08_Body_Health_Emotions,559,word,joy,joie,08_Body_Health_Emotions/559_joy.m4a
08_Body_Health_Emotions,559,sentence1,She felt pure joy at the news.,Elle a ressenti une joie pure à cette nouvelle.,08_Body_Health_Emotions/559_joy_ex1.m4a
08_Body_Health_Emotions,559,sentence2,I jumped for joy when I heard the results.,J'ai sauté de joie en apprenant les résultats.,08_Body_Health_Emotions/559_joy_ex2.m4a
08_Body_Health_Emotions,560,word,fear,peur,08_Body_Health_Emotions/560_fear.m4a
08_Body_Health_Emotions,560,sentence1,I have a fear of heights.,J'ai peur du vide.,08_Body_Health_Emotions/560_fear_ex1.m4a
08_Body_Health_Emotions,560,sentence2,She overcame her fear of speaking in public.,Elle a surmonté sa peur de parler en public.,08_Body_Health_Emotions/560_fear_ex2.m4a
08_Body_Health_Emotions,561,word,anger,colère,08_Body_Health_Emotions/561_anger.m4a
08_Body_Health_Emotions,561,sentence1,I could see his anger clearly.,Je pouvais clairement voir sa colère.,08_Body_Health_Emotions/561_anger_ex1.m4a
08_Body_Health_Emotions,561,sentence2,She expressed her anger calmly.,Elle a exprimé sa colère avec calme.,08_Body_Health_Emotions/561_anger_ex2.m4a
08_Body_Health_Emotions,562,word,excitement,excitation,08_Body_Health_Emotions/562_excitement.m4a
08_Body_Health_Emotions,562,sentence1,I felt excitement before the trip.,J'ai ressenti de l'excitation avant le voyage.,08_Body_Health_Emotions/562_excitement_ex1.m4a
08_Body_Health_Emotions,562,sentence2,Her excitement was contagious.,Son excitation était contagieuse.,08_Body_Health_Emotions/562_excitement_ex2.m4a
08_Body_Health_Emotions,563,word,kindness,gentillesse,08_Body_Health_Emotions/563_kindness.m4a
08_Body_Health_Emotions,563,sentence1,I appreciate your kindness.,J'apprécie ta gentillesse.,08_Body_Health_Emotions/563_kindness_ex1.m4a
08_Body_Health_Emotions,563,sentence2,She showed great kindness to strangers.,Elle a fait preuve d'une grande gentillesse envers les inconnus.,08_Body_Health_Emotions/563_kindness_ex2.m4a
08_Body_Health_Emotions,564,word,patience,patience,08_Body_Health_Emotions/564_patience.m4a
08_Body_Health_Emotions,564,sentence1,I need more patience with my children.,J'ai besoin de plus de patience avec mes enfants.,08_Body_Health_Emotions/564_patience_ex1.m4a
08_Body_Health_Emotions,564,sentence2,She has a lot of patience.,Elle a beaucoup de patience.,08_Body_Health_Emotions/564_patience_ex2.m4a
08_Body_Health_Emotions,565,word,courage,courage,08_Body_Health_Emotions/565_courage.m4a
08_Body_Health_Emotions,565,sentence1,It takes courage to speak the truth.,Il faut du courage pour dire la vérité.,08_Body_Health_Emotions/565_courage_ex1.m4a
08_Body_Health_Emotions,565,sentence2,She showed great courage during the crisis.,Elle a fait preuve d'un grand courage pendant la crise.,08_Body_Health_Emotions/565_courage_ex2.m4a
08_Body_Health_Emotions,566,word,pride,fierté,08_Body_Health_Emotions/566_pride.m4a
08_Body_Health_Emotions,566,sentence1,I felt pride watching my daughter graduate.,J'ai ressenti de la fierté en voyant ma fille obtenir son diplôme.,08_Body_Health_Emotions/566_pride_ex1.m4a
08_Body_Health_Emotions,566,sentence2,She spoke with great pride about her work.,Elle a parlé avec beaucoup de fierté de son travail.,08_Body_Health_Emotions/566_pride_ex2.m4a
08_Body_Health_Emotions,567,word,curiosity,curiosité,08_Body_Health_Emotions/567_curiosity.m4a
08_Body_Health_Emotions,567,sentence1,My curiosity got the better of me.,Ma curiosité a pris le dessus.,08_Body_Health_Emotions/567_curiosity_ex1.m4a
08_Body_Health_Emotions,567,sentence2,She has great curiosity about the world.,Elle a une grande curiosité pour le monde.,08_Body_Health_Emotions/567_curiosity_ex2.m4a
08_Body_Health_Emotions,568,word,confidence,confiance,08_Body_Health_Emotions/568_confidence.m4a
08_Body_Health_Emotions,568,sentence1,I have confidence in your abilities.,J'ai confiance en tes capacités.,08_Body_Health_Emotions/568_confidence_ex1.m4a
08_Body_Health_Emotions,568,sentence2,She spoke with great confidence.,Elle a parlé avec beaucoup de confiance.,08_Body_Health_Emotions/568_confidence_ex2.m4a
08_Body_Health_Emotions,569,word,nervous,nerveux,08_Body_Health_Emotions/569_nervous.m4a
08_Body_Health_Emotions,569,sentence1,I feel nervous before exams.,Je me sens nerveux avant les examens.,08_Body_Health_Emotions/569_nervous_ex1.m4a
08_Body_Health_Emotions,569,sentence2,She was nervous about the interview.,Elle était nerveuse à propos de l'entretien.,08_Body_Health_Emotions/569_nervous_ex2.m4a
08_Body_Health_Emotions,570,word,jealous,jaloux,08_Body_Health_Emotions/570_jealous.m4a
08_Body_Health_Emotions,570,sentence1,I felt jealous of her success.,Je me suis senti jaloux de son succès.,08_Body_Health_Emotions/570_jealous_ex1.m4a
08_Body_Health_Emotions,570,sentence2,He was jealous of his brother's talent.,Il était jaloux du talent de son frère.,08_Body_Health_Emotions/570_jealous_ex2.m4a
08_Body_Health_Emotions,571,word,proud,fier,08_Body_Health_Emotions/571_proud.m4a
08_Body_Health_Emotions,571,sentence1,I am proud of you.,Je suis fier de toi.,08_Body_Health_Emotions/571_proud_ex1.m4a
08_Body_Health_Emotions,571,sentence2,She is proud of her achievements.,Elle est fière de ses réussites.,08_Body_Health_Emotions/571_proud_ex2.m4a
08_Body_Health_Emotions,572,word,curious,curieux,08_Body_Health_Emotions/572_curious.m4a
08_Body_Health_Emotions,572,sentence1,I am curious about the answer.,Je suis curieux de connaître la réponse.,08_Body_Health_Emotions/572_curious_ex1.m4a
08_Body_Health_Emotions,572,sentence2,She is a very curious child.,C'est une enfant très curieuse.,08_Body_Health_Emotions/572_curious_ex2.m4a
08_Body_Health_Emotions,573,word,calm,calme,08_Body_Health_Emotions/573_calm.m4a
08_Body_Health_Emotions,573,sentence1,She stayed calm during the emergency.,Elle est restée calme pendant l'urgence.,08_Body_Health_Emotions/573_calm_ex1.m4a
08_Body_Health_Emotions,573,sentence2,I felt calm after the meditation.,Je me suis senti calme après la méditation.,08_Body_Health_Emotions/573_calm_ex2.m4a
08_Body_Health_Emotions,574,word,excited,enthousiaste,08_Body_Health_Emotions/574_excited.m4a
08_Body_Health_Emotions,574,sentence1,I am excited about the trip.,Je suis enthousiaste à propos du voyage.,08_Body_Health_Emotions/574_excited_ex1.m4a
08_Body_Health_Emotions,574,sentence2,She is excited to start her new job.,Elle est enthousiaste à l'idée de commencer son nouveau travail.,08_Body_Health_Emotions/574_excited_ex2.m4a
08_Body_Health_Emotions,575,word,worried,inquiet,08_Body_Health_Emotions/575_worried.m4a
08_Body_Health_Emotions,575,sentence1,I am worried about my exam.,Je suis inquiet à propos de mon examen.,08_Body_Health_Emotions/575_worried_ex1.m4a
08_Body_Health_Emotions,575,sentence2,She is worried about her health.,Elle est inquiète pour sa santé.,08_Body_Health_Emotions/575_worried_ex2.m4a
08_Body_Health_Emotions,576,word,confident,confiant,08_Body_Health_Emotions/576_confident.m4a
08_Body_Health_Emotions,576,sentence1,I feel confident about the interview.,Je me sens confiant à propos de l'entretien.,08_Body_Health_Emotions/576_confident_ex1.m4a
08_Body_Health_Emotions,576,sentence2,She is confident in her abilities.,Elle est confiante en ses capacités.,08_Body_Health_Emotions/576_confident_ex2.m4a
09_Descriptions_Adjectives_Colors,402,word,good,bon,09_Descriptions_Adjectives_Colors/402_good.m4a
09_Descriptions_Adjectives_Colors,402,sentence1,This is a good idea.,C'est une bonne idée.,09_Descriptions_Adjectives_Colors/402_good_ex1.m4a
09_Descriptions_Adjectives_Colors,402,sentence2,She is a good friend.,C'est une bonne amie.,09_Descriptions_Adjectives_Colors/402_good_ex2.m4a
09_Descriptions_Adjectives_Colors,403,word,bad,mauvais,09_Descriptions_Adjectives_Colors/403_bad.m4a
09_Descriptions_Adjectives_Colors,403,sentence1,This is a bad idea.,C'est une mauvaise idée.,09_Descriptions_Adjectives_Colors/403_bad_ex1.m4a
09_Descriptions_Adjectives_Colors,403,sentence2,The weather was bad today.,Le temps était mauvais aujourd'hui.,09_Descriptions_Adjectives_Colors/403_bad_ex2.m4a
09_Descriptions_Adjectives_Colors,404,word,big,grand,09_Descriptions_Adjectives_Colors/404_big.m4a
09_Descriptions_Adjectives_Colors,404,sentence1,This is a big house.,C'est une grande maison.,09_Descriptions_Adjectives_Colors/404_big_ex1.m4a
09_Descriptions_Adjectives_Colors,404,sentence2,We have a big problem.,Nous avons un gros problème.,09_Descriptions_Adjectives_Colors/404_big_ex2.m4a
09_Descriptions_Adjectives_Colors,405,word,small,petit,09_Descriptions_Adjectives_Colors/405_small.m4a
09_Descriptions_Adjectives_Colors,405,sentence1,This is a small house.,C'est une petite maison.,09_Descriptions_Adjectives_Colors/405_small_ex1.m4a
09_Descriptions_Adjectives_Colors,405,sentence2,We have a small problem.,Nous avons un petit problème.,09_Descriptions_Adjectives_Colors/405_small_ex2.m4a
09_Descriptions_Adjectives_Colors,406,word,tall,grand (taille),09_Descriptions_Adjectives_Colors/406_tall.m4a
09_Descriptions_Adjectives_Colors,406,sentence1,He is very tall.,Il est très grand.,09_Descriptions_Adjectives_Colors/406_tall_ex1.m4a
09_Descriptions_Adjectives_Colors,406,sentence2,She is taller than me.,Elle est plus grande que moi.,09_Descriptions_Adjectives_Colors/406_tall_ex2.m4a
09_Descriptions_Adjectives_Colors,407,word,short,court / petit,09_Descriptions_Adjectives_Colors/407_short.m4a
09_Descriptions_Adjectives_Colors,407,sentence1,The movie was very short.,Le film était très court.,09_Descriptions_Adjectives_Colors/407_short_ex1.m4a
09_Descriptions_Adjectives_Colors,407,sentence2,She is shorter than her sister.,Elle est plus petite que sa sœur.,09_Descriptions_Adjectives_Colors/407_short_ex2.m4a
09_Descriptions_Adjectives_Colors,408,word,long,long,09_Descriptions_Adjectives_Colors/408_long.m4a
09_Descriptions_Adjectives_Colors,408,sentence1,This is a long story.,C'est une longue histoire.,09_Descriptions_Adjectives_Colors/408_long_ex1.m4a
09_Descriptions_Adjectives_Colors,408,sentence2,We had a long day.,Nous avons eu une longue journée.,09_Descriptions_Adjectives_Colors/408_long_ex2.m4a
09_Descriptions_Adjectives_Colors,409,word,new,nouveau,09_Descriptions_Adjectives_Colors/409_new.m4a
09_Descriptions_Adjectives_Colors,409,sentence1,I bought a new car.,J'ai acheté une nouvelle voiture.,09_Descriptions_Adjectives_Colors/409_new_ex1.m4a
09_Descriptions_Adjectives_Colors,409,sentence2,She started a new job.,Elle a commencé un nouvel emploi.,09_Descriptions_Adjectives_Colors/409_new_ex2.m4a
09_Descriptions_Adjectives_Colors,410,word,old,vieux,09_Descriptions_Adjectives_Colors/410_old.m4a
09_Descriptions_Adjectives_Colors,410,sentence1,This is an old house.,C'est une vieille maison.,09_Descriptions_Adjectives_Colors/410_old_ex1.m4a
09_Descriptions_Adjectives_Colors,410,sentence2,He is an old friend.,C'est un vieil ami.,09_Descriptions_Adjectives_Colors/410_old_ex2.m4a
09_Descriptions_Adjectives_Colors,411,word,young,jeune,09_Descriptions_Adjectives_Colors/411_young.m4a
09_Descriptions_Adjectives_Colors,411,sentence1,She is very young.,Elle est très jeune.,09_Descriptions_Adjectives_Colors/411_young_ex1.m4a
09_Descriptions_Adjectives_Colors,411,sentence2,We were young when we met.,Nous étions jeunes quand nous nous sommes rencontrés.,09_Descriptions_Adjectives_Colors/411_young_ex2.m4a
09_Descriptions_Adjectives_Colors,412,word,happy,heureux,09_Descriptions_Adjectives_Colors/412_happy.m4a
09_Descriptions_Adjectives_Colors,412,sentence1,I am happy today.,Je suis heureux aujourd'hui.,09_Descriptions_Adjectives_Colors/412_happy_ex1.m4a
09_Descriptions_Adjectives_Colors,412,sentence2,She is a happy person.,C'est une personne heureuse.,09_Descriptions_Adjectives_Colors/412_happy_ex2.m4a
09_Descriptions_Adjectives_Colors,413,word,sad,triste,09_Descriptions_Adjectives_Colors/413_sad.m4a
09_Descriptions_Adjectives_Colors,413,sentence1,I feel sad today.,Je me sens triste aujourd'hui.,09_Descriptions_Adjectives_Colors/413_sad_ex1.m4a
09_Descriptions_Adjectives_Colors,413,sentence2,She is a sad person right now.,Elle est triste en ce moment.,09_Descriptions_Adjectives_Colors/413_sad_ex2.m4a
09_Descriptions_Adjectives_Colors,414,word,angry,fâché,09_Descriptions_Adjectives_Colors/414_angry.m4a
09_Descriptions_Adjectives_Colors,414,sentence1,I am angry about this.,Je suis fâché à ce sujet.,09_Descriptions_Adjectives_Colors/414_angry_ex1.m4a
09_Descriptions_Adjectives_Colors,414,sentence2,She was angry with her brother.,Elle était fâchée contre son frère.,09_Descriptions_Adjectives_Colors/414_angry_ex2.m4a
09_Descriptions_Adjectives_Colors,415,word,afraid,effrayé,09_Descriptions_Adjectives_Colors/415_afraid.m4a
09_Descriptions_Adjectives_Colors,415,sentence1,I am afraid of spiders.,J'ai peur des araignées.,09_Descriptions_Adjectives_Colors/415_afraid_ex1.m4a
09_Descriptions_Adjectives_Colors,415,sentence2,She was afraid of the dark.,Elle avait peur du noir.,09_Descriptions_Adjectives_Colors/415_afraid_ex2.m4a
09_Descriptions_Adjectives_Colors,416,word,surprised,surpris,09_Descriptions_Adjectives_Colors/416_surprised.m4a
09_Descriptions_Adjectives_Colors,416,sentence1,I was surprised by the news.,J'ai été surpris par la nouvelle.,09_Descriptions_Adjectives_Colors/416_surprised_ex1.m4a
09_Descriptions_Adjectives_Colors,416,sentence2,She looked surprised to see me.,Elle avait l'air surprise de me voir.,09_Descriptions_Adjectives_Colors/416_surprised_ex2.m4a
09_Descriptions_Adjectives_Colors,417,word,beautiful,beau / belle,09_Descriptions_Adjectives_Colors/417_beautiful.m4a
09_Descriptions_Adjectives_Colors,417,sentence1,She is very beautiful.,Elle est très belle.,09_Descriptions_Adjectives_Colors/417_beautiful_ex1.m4a
09_Descriptions_Adjectives_Colors,417,sentence2,This is a beautiful city.,C'est une belle ville.,09_Descriptions_Adjectives_Colors/417_beautiful_ex2.m4a
09_Descriptions_Adjectives_Colors,418,word,ugly,laid,09_Descriptions_Adjectives_Colors/418_ugly.m4a
09_Descriptions_Adjectives_Colors,418,sentence1,This building is ugly.,Ce bâtiment est laid.,09_Descriptions_Adjectives_Colors/418_ugly_ex1.m4a
09_Descriptions_Adjectives_Colors,418,sentence2,I don't like this ugly color.,Je n'aime pas cette couleur laide.,09_Descriptions_Adjectives_Colors/418_ugly_ex2.m4a
09_Descriptions_Adjectives_Colors,419,word,easy,facile,09_Descriptions_Adjectives_Colors/419_easy.m4a
09_Descriptions_Adjectives_Colors,419,sentence1,This exam was easy.,Cet examen était facile.,09_Descriptions_Adjectives_Colors/419_easy_ex1.m4a
09_Descriptions_Adjectives_Colors,419,sentence2,The recipe is very easy to follow.,La recette est très facile à suivre.,09_Descriptions_Adjectives_Colors/419_easy_ex2.m4a
09_Descriptions_Adjectives_Colors,420,word,difficult,difficile,09_Descriptions_Adjectives_Colors/420_difficult.m4a
09_Descriptions_Adjectives_Colors,420,sentence1,This exam was difficult.,Cet examen était difficile.,09_Descriptions_Adjectives_Colors/420_difficult_ex1.m4a
09_Descriptions_Adjectives_Colors,420,sentence2,The recipe is very difficult to follow.,La recette est très difficile à suivre.,09_Descriptions_Adjectives_Colors/420_difficult_ex2.m4a
09_Descriptions_Adjectives_Colors,421,word,hard,dur / difficile,09_Descriptions_Adjectives_Colors/421_hard.m4a
09_Descriptions_Adjectives_Colors,421,sentence1,This is a hard question.,C'est une question difficile.,09_Descriptions_Adjectives_Colors/421_hard_ex1.m4a
09_Descriptions_Adjectives_Colors,421,sentence2,She works very hard.,Elle travaille très dur.,09_Descriptions_Adjectives_Colors/421_hard_ex2.m4a
09_Descriptions_Adjectives_Colors,422,word,simple,simple,09_Descriptions_Adjectives_Colors/422_simple.m4a
09_Descriptions_Adjectives_Colors,422,sentence1,This recipe is very simple.,Cette recette est très simple.,09_Descriptions_Adjectives_Colors/422_simple_ex1.m4a
09_Descriptions_Adjectives_Colors,422,sentence2,I prefer a simple life.,Je préfère une vie simple.,09_Descriptions_Adjectives_Colors/422_simple_ex2.m4a
09_Descriptions_Adjectives_Colors,423,word,important,important,09_Descriptions_Adjectives_Colors/423_important.m4a
09_Descriptions_Adjectives_Colors,423,sentence1,This is an important decision.,C'est une décision importante.,09_Descriptions_Adjectives_Colors/423_important_ex1.m4a
09_Descriptions_Adjectives_Colors,423,sentence2,Family is important to me.,La famille est importante pour moi.,09_Descriptions_Adjectives_Colors/423_important_ex2.m4a
09_Descriptions_Adjectives_Colors,424,word,interesting,intéressant,09_Descriptions_Adjectives_Colors/424_interesting.m4a
09_Descriptions_Adjectives_Colors,424,sentence1,This book is very interesting.,Ce livre est très intéressant.,09_Descriptions_Adjectives_Colors/424_interesting_ex1.m4a
09_Descriptions_Adjectives_Colors,424,sentence2,She told an interesting story.,Elle a raconté une histoire intéressante.,09_Descriptions_Adjectives_Colors/424_interesting_ex2.m4a
09_Descriptions_Adjectives_Colors,425,word,boring,ennuyeux,09_Descriptions_Adjectives_Colors/425_boring.m4a
09_Descriptions_Adjectives_Colors,425,sentence1,This movie was boring.,Ce film était ennuyeux.,09_Descriptions_Adjectives_Colors/425_boring_ex1.m4a
09_Descriptions_Adjectives_Colors,425,sentence2,The lecture was very boring.,La conférence était très ennuyeuse.,09_Descriptions_Adjectives_Colors/425_boring_ex2.m4a
09_Descriptions_Adjectives_Colors,426,word,rich,riche,09_Descriptions_Adjectives_Colors/426_rich.m4a
09_Descriptions_Adjectives_Colors,426,sentence1,He is a rich man.,C'est un homme riche.,09_Descriptions_Adjectives_Colors/426_rich_ex1.m4a
09_Descriptions_Adjectives_Colors,426,sentence2,This soup is rich in flavor.,Cette soupe est riche en saveur.,09_Descriptions_Adjectives_Colors/426_rich_ex2.m4a
09_Descriptions_Adjectives_Colors,427,word,poor,pauvre,09_Descriptions_Adjectives_Colors/427_poor.m4a
09_Descriptions_Adjectives_Colors,427,sentence1,They were very poor when they were young.,Ils étaient très pauvres quand ils étaient jeunes.,09_Descriptions_Adjectives_Colors/427_poor_ex1.m4a
09_Descriptions_Adjectives_Colors,427,sentence2,He grew up in a poor family.,Il a grandi dans une famille pauvre.,09_Descriptions_Adjectives_Colors/427_poor_ex2.m4a
09_Descriptions_Adjectives_Colors,428,word,expensive,cher,09_Descriptions_Adjectives_Colors/428_expensive.m4a
09_Descriptions_Adjectives_Colors,428,sentence1,This dress is very expensive.,Cette robe est très chère.,09_Descriptions_Adjectives_Colors/428_expensive_ex1.m4a
09_Descriptions_Adjectives_Colors,428,sentence2,The hotel was too expensive for us.,L'hôtel était trop cher pour nous.,09_Descriptions_Adjectives_Colors/428_expensive_ex2.m4a
09_Descriptions_Adjectives_Colors,429,word,cheap,bon marché,09_Descriptions_Adjectives_Colors/429_cheap.m4a
09_Descriptions_Adjectives_Colors,429,sentence1,This dress is very cheap.,Cette robe est très bon marché.,09_Descriptions_Adjectives_Colors/429_cheap_ex1.m4a
09_Descriptions_Adjectives_Colors,429,sentence2,We found a cheap hotel.,Nous avons trouvé un hôtel bon marché.,09_Descriptions_Adjectives_Colors/429_cheap_ex2.m4a
09_Descriptions_Adjectives_Colors,430,word,fast,rapide,09_Descriptions_Adjectives_Colors/430_fast.m4a
09_Descriptions_Adjectives_Colors,430,sentence1,This car is very fast.,Cette voiture est très rapide.,09_Descriptions_Adjectives_Colors/430_fast_ex1.m4a
09_Descriptions_Adjectives_Colors,430,sentence2,She is a fast runner.,C'est une coureuse rapide.,09_Descriptions_Adjectives_Colors/430_fast_ex2.m4a
09_Descriptions_Adjectives_Colors,431,word,slow,lent,09_Descriptions_Adjectives_Colors/431_slow.m4a
09_Descriptions_Adjectives_Colors,431,sentence1,This car is very slow.,Cette voiture est très lente.,09_Descriptions_Adjectives_Colors/431_slow_ex1.m4a
09_Descriptions_Adjectives_Colors,431,sentence2,He is a slow runner.,C'est un coureur lent.,09_Descriptions_Adjectives_Colors/431_slow_ex2.m4a
09_Descriptions_Adjectives_Colors,432,word,hot,chaud,09_Descriptions_Adjectives_Colors/432_hot.m4a
09_Descriptions_Adjectives_Colors,432,sentence1,It's very hot today.,Il fait très chaud aujourd'hui.,09_Descriptions_Adjectives_Colors/432_hot_ex1.m4a
09_Descriptions_Adjectives_Colors,432,sentence2,The soup is too hot.,La soupe est trop chaude.,09_Descriptions_Adjectives_Colors/432_hot_ex2.m4a
09_Descriptions_Adjectives_Colors,433,word,cold,froid,09_Descriptions_Adjectives_Colors/433_cold.m4a
09_Descriptions_Adjectives_Colors,433,sentence1,It's very cold today.,Il fait très froid aujourd'hui.,09_Descriptions_Adjectives_Colors/433_cold_ex1.m4a
09_Descriptions_Adjectives_Colors,433,sentence2,The soup is too cold.,La soupe est trop froide.,09_Descriptions_Adjectives_Colors/433_cold_ex2.m4a
09_Descriptions_Adjectives_Colors,434,word,warm,tiède / chaud,09_Descriptions_Adjectives_Colors/434_warm.m4a
09_Descriptions_Adjectives_Colors,434,sentence1,It's warm outside today.,Il fait chaud dehors aujourd'hui.,09_Descriptions_Adjectives_Colors/434_warm_ex1.m4a
09_Descriptions_Adjectives_Colors,434,sentence2,The soup is warm now.,La soupe est tiède maintenant.,09_Descriptions_Adjectives_Colors/434_warm_ex2.m4a
09_Descriptions_Adjectives_Colors,435,word,clean,propre,09_Descriptions_Adjectives_Colors/435_clean.m4a
09_Descriptions_Adjectives_Colors,435,sentence1,The house is very clean.,La maison est très propre.,09_Descriptions_Adjectives_Colors/435_clean_ex1.m4a
09_Descriptions_Adjectives_Colors,435,sentence2,She keeps her room clean.,Elle garde sa chambre propre.,09_Descriptions_Adjectives_Colors/435_clean_ex2.m4a
09_Descriptions_Adjectives_Colors,436,word,dirty,sale,09_Descriptions_Adjectives_Colors/436_dirty.m4a
09_Descriptions_Adjectives_Colors,436,sentence1,The house is very dirty.,La maison est très sale.,09_Descriptions_Adjectives_Colors/436_dirty_ex1.m4a
09_Descriptions_Adjectives_Colors,436,sentence2,My hands are dirty.,J'ai les mains sales.,09_Descriptions_Adjectives_Colors/436_dirty_ex2.m4a
09_Descriptions_Adjectives_Colors,437,word,full,plein,09_Descriptions_Adjectives_Colors/437_full.m4a
09_Descriptions_Adjectives_Colors,437,sentence1,The glass is full of water.,Le verre est plein d'eau.,09_Descriptions_Adjectives_Colors/437_full_ex1.m4a
09_Descriptions_Adjectives_Colors,437,sentence2,The bus was full this morning.,Le bus était plein ce matin.,09_Descriptions_Adjectives_Colors/437_full_ex2.m4a
09_Descriptions_Adjectives_Colors,438,word,empty,vide,09_Descriptions_Adjectives_Colors/438_empty.m4a
09_Descriptions_Adjectives_Colors,438,sentence1,The glass is empty.,Le verre est vide.,09_Descriptions_Adjectives_Colors/438_empty_ex1.m4a
09_Descriptions_Adjectives_Colors,438,sentence2,The bus was empty this morning.,Le bus était vide ce matin.,09_Descriptions_Adjectives_Colors/438_empty_ex2.m4a
09_Descriptions_Adjectives_Colors,439,word,right,correct / droit,09_Descriptions_Adjectives_Colors/439_right.m4a
09_Descriptions_Adjectives_Colors,439,sentence1,You are right about this.,Tu as raison à ce sujet.,09_Descriptions_Adjectives_Colors/439_right_ex1.m4a
09_Descriptions_Adjectives_Colors,439,sentence2,This is the right answer.,C'est la bonne réponse.,09_Descriptions_Adjectives_Colors/439_right_ex2.m4a
09_Descriptions_Adjectives_Colors,440,word,wrong,faux,09_Descriptions_Adjectives_Colors/440_wrong.m4a
09_Descriptions_Adjectives_Colors,440,sentence1,This is the wrong answer.,C'est la mauvaise réponse.,09_Descriptions_Adjectives_Colors/440_wrong_ex1.m4a
09_Descriptions_Adjectives_Colors,440,sentence2,You are wrong about this.,Tu as tort à ce sujet.,09_Descriptions_Adjectives_Colors/440_wrong_ex2.m4a
09_Descriptions_Adjectives_Colors,441,word,true,vrai,09_Descriptions_Adjectives_Colors/441_true.m4a
09_Descriptions_Adjectives_Colors,441,sentence1,This story is true.,Cette histoire est vraie.,09_Descriptions_Adjectives_Colors/441_true_ex1.m4a
09_Descriptions_Adjectives_Colors,441,sentence2,I hope this is true.,J'espère que c'est vrai.,09_Descriptions_Adjectives_Colors/441_true_ex2.m4a
09_Descriptions_Adjectives_Colors,442,word,false,faux,09_Descriptions_Adjectives_Colors/442_false.m4a
09_Descriptions_Adjectives_Colors,442,sentence1,This information is false.,Cette information est fausse.,09_Descriptions_Adjectives_Colors/442_false_ex1.m4a
09_Descriptions_Adjectives_Colors,442,sentence2,The rumor turned out to be false.,La rumeur s'est avérée fausse.,09_Descriptions_Adjectives_Colors/442_false_ex2.m4a
09_Descriptions_Adjectives_Colors,443,word,safe,sûr,09_Descriptions_Adjectives_Colors/443_safe.m4a
09_Descriptions_Adjectives_Colors,443,sentence1,This neighborhood is very safe.,Ce quartier est très sûr.,09_Descriptions_Adjectives_Colors/443_safe_ex1.m4a
09_Descriptions_Adjectives_Colors,443,sentence2,We felt safe at home.,Nous nous sentions en sécurité à la maison.,09_Descriptions_Adjectives_Colors/443_safe_ex2.m4a
09_Descriptions_Adjectives_Colors,444,word,dangerous,dangereux,09_Descriptions_Adjectives_Colors/444_dangerous.m4a
09_Descriptions_Adjectives_Colors,444,sentence1,This neighborhood is dangerous at night.,Ce quartier est dangereux la nuit.,09_Descriptions_Adjectives_Colors/444_dangerous_ex1.m4a
09_Descriptions_Adjectives_Colors,444,sentence2,We felt unsafe near the dangerous cliff.,Nous nous sentions en danger près de la falaise dangereuse.,09_Descriptions_Adjectives_Colors/444_dangerous_ex2.m4a
09_Descriptions_Adjectives_Colors,445,word,free,libre / gratuit,09_Descriptions_Adjectives_Colors/445_free.m4a
09_Descriptions_Adjectives_Colors,445,sentence1,This event is free for everyone.,Cet événement est gratuit pour tout le monde.,09_Descriptions_Adjectives_Colors/445_free_ex1.m4a
09_Descriptions_Adjectives_Colors,445,sentence2,I am free this afternoon.,Je suis libre cet après-midi.,09_Descriptions_Adjectives_Colors/445_free_ex2.m4a
09_Descriptions_Adjectives_Colors,446,word,busy,occupé,09_Descriptions_Adjectives_Colors/446_busy.m4a
09_Descriptions_Adjectives_Colors,446,sentence1,I am very busy today.,Je suis très occupé aujourd'hui.,09_Descriptions_Adjectives_Colors/446_busy_ex1.m4a
09_Descriptions_Adjectives_Colors,446,sentence2,She has a busy schedule.,Elle a un emploi du temps chargé.,09_Descriptions_Adjectives_Colors/446_busy_ex2.m4a
09_Descriptions_Adjectives_Colors,447,word,quiet,calme,09_Descriptions_Adjectives_Colors/447_quiet.m4a
09_Descriptions_Adjectives_Colors,447,sentence1,This room is very quiet.,Cette pièce est très calme.,09_Descriptions_Adjectives_Colors/447_quiet_ex1.m4a
09_Descriptions_Adjectives_Colors,447,sentence2,She is a quiet person.,C'est une personne calme.,09_Descriptions_Adjectives_Colors/447_quiet_ex2.m4a
09_Descriptions_Adjectives_Colors,448,word,loud,bruyant,09_Descriptions_Adjectives_Colors/448_loud.m4a
09_Descriptions_Adjectives_Colors,448,sentence1,The music was very loud.,La musique était très forte.,09_Descriptions_Adjectives_Colors/448_loud_ex1.m4a
09_Descriptions_Adjectives_Colors,448,sentence2,He has a loud voice.,Il a une voix forte.,09_Descriptions_Adjectives_Colors/448_loud_ex2.m4a
09_Descriptions_Adjectives_Colors,449,word,dark,sombre,09_Descriptions_Adjectives_Colors/449_dark.m4a
09_Descriptions_Adjectives_Colors,449,sentence1,It gets dark early in winter.,Il fait sombre tôt en hiver.,09_Descriptions_Adjectives_Colors/449_dark_ex1.m4a
09_Descriptions_Adjectives_Colors,449,sentence2,The room was very dark.,La pièce était très sombre.,09_Descriptions_Adjectives_Colors/449_dark_ex2.m4a
09_Descriptions_Adjectives_Colors,450,word,light,clair / léger,09_Descriptions_Adjectives_Colors/450_light.m4a
09_Descriptions_Adjectives_Colors,450,sentence1,This room is very light.,Cette pièce est très lumineuse.,09_Descriptions_Adjectives_Colors/450_light_ex1.m4a
09_Descriptions_Adjectives_Colors,450,sentence2,The bag is light and easy to carry.,Le sac est léger et facile à porter.,09_Descriptions_Adjectives_Colors/450_light_ex2.m4a
09_Descriptions_Adjectives_Colors,673,word,funny,drôle,09_Descriptions_Adjectives_Colors/673_funny.m4a
09_Descriptions_Adjectives_Colors,673,sentence1,This movie is very funny.,Ce film est très drôle.,09_Descriptions_Adjectives_Colors/673_funny_ex1.m4a
09_Descriptions_Adjectives_Colors,673,sentence2,She told a funny joke.,Elle a raconté une blague drôle.,09_Descriptions_Adjectives_Colors/673_funny_ex2.m4a
09_Descriptions_Adjectives_Colors,674,word,serious,sérieux,09_Descriptions_Adjectives_Colors/674_serious.m4a
09_Descriptions_Adjectives_Colors,674,sentence1,This is a serious problem.,C'est un problème sérieux.,09_Descriptions_Adjectives_Colors/674_serious_ex1.m4a
09_Descriptions_Adjectives_Colors,674,sentence2,She looked very serious during the meeting.,Elle avait l'air très sérieuse pendant la réunion.,09_Descriptions_Adjectives_Colors/674_serious_ex2.m4a
09_Descriptions_Adjectives_Colors,675,word,polite,poli,09_Descriptions_Adjectives_Colors/675_polite.m4a
09_Descriptions_Adjectives_Colors,675,sentence1,She is always very polite.,Elle est toujours très polie.,09_Descriptions_Adjectives_Colors/675_polite_ex1.m4a
09_Descriptions_Adjectives_Colors,675,sentence2,This is a polite way to ask for help.,C'est une façon polie de demander de l'aide.,09_Descriptions_Adjectives_Colors/675_polite_ex2.m4a
09_Descriptions_Adjectives_Colors,676,word,rude,impoli,09_Descriptions_Adjectives_Colors/676_rude.m4a
09_Descriptions_Adjectives_Colors,676,sentence1,That was a rude comment.,C'était un commentaire impoli.,09_Descriptions_Adjectives_Colors/676_rude_ex1.m4a
09_Descriptions_Adjectives_Colors,676,sentence2,He was rude to the waiter.,Il a été impoli avec le serveur.,09_Descriptions_Adjectives_Colors/676_rude_ex2.m4a
09_Descriptions_Adjectives_Colors,677,word,generous,généreux,09_Descriptions_Adjectives_Colors/677_generous.m4a
09_Descriptions_Adjectives_Colors,677,sentence1,She is a very generous person.,C'est une personne très généreuse.,09_Descriptions_Adjectives_Colors/677_generous_ex1.m4a
09_Descriptions_Adjectives_Colors,677,sentence2,This is a generous offer.,C'est une offre généreuse.,09_Descriptions_Adjectives_Colors/677_generous_ex2.m4a
09_Descriptions_Adjectives_Colors,678,word,selfish,égoïste,09_Descriptions_Adjectives_Colors/678_selfish.m4a
09_Descriptions_Adjectives_Colors,678,sentence1,This was a selfish decision.,C'était une décision égoïste.,09_Descriptions_Adjectives_Colors/678_selfish_ex1.m4a
09_Descriptions_Adjectives_Colors,678,sentence2,He is very selfish sometimes.,Il est parfois très égoïste.,09_Descriptions_Adjectives_Colors/678_selfish_ex2.m4a
09_Descriptions_Adjectives_Colors,679,word,honest,honnête,09_Descriptions_Adjectives_Colors/679_honest.m4a
09_Descriptions_Adjectives_Colors,679,sentence1,I want you to be honest with me.,Je veux que tu sois honnête avec moi.,09_Descriptions_Adjectives_Colors/679_honest_ex1.m4a
09_Descriptions_Adjectives_Colors,679,sentence2,She is a very honest person.,C'est une personne très honnête.,09_Descriptions_Adjectives_Colors/679_honest_ex2.m4a
09_Descriptions_Adjectives_Colors,680,word,lazy,paresseux,09_Descriptions_Adjectives_Colors/680_lazy.m4a
09_Descriptions_Adjectives_Colors,680,sentence1,I felt lazy this weekend.,Je me suis senti paresseux ce week-end.,09_Descriptions_Adjectives_Colors/680_lazy_ex1.m4a
09_Descriptions_Adjectives_Colors,680,sentence2,He is very lazy sometimes.,Il est parfois très paresseux.,09_Descriptions_Adjectives_Colors/680_lazy_ex2.m4a
09_Descriptions_Adjectives_Colors,681,word,brave,courageux,09_Descriptions_Adjectives_Colors/681_brave.m4a
09_Descriptions_Adjectives_Colors,681,sentence1,She was very brave during the surgery.,Elle a été très courageuse pendant l'opération.,09_Descriptions_Adjectives_Colors/681_brave_ex1.m4a
09_Descriptions_Adjectives_Colors,681,sentence2,This is a brave decision.,C'est une décision courageuse.,09_Descriptions_Adjectives_Colors/681_brave_ex2.m4a
09_Descriptions_Adjectives_Colors,682,word,shy,timide,09_Descriptions_Adjectives_Colors/682_shy.m4a
09_Descriptions_Adjectives_Colors,682,sentence1,She is very shy around new people.,Elle est très timide avec les nouvelles personnes.,09_Descriptions_Adjectives_Colors/682_shy_ex1.m4a
09_Descriptions_Adjectives_Colors,682,sentence2,This is a shy child.,C'est un enfant timide.,09_Descriptions_Adjectives_Colors/682_shy_ex2.m4a
09_Descriptions_Adjectives_Colors,683,word,stubborn,têtu,09_Descriptions_Adjectives_Colors/683_stubborn.m4a
09_Descriptions_Adjectives_Colors,683,sentence1,He is very stubborn about his opinions.,Il est très têtu à propos de ses opinions.,09_Descriptions_Adjectives_Colors/683_stubborn_ex1.m4a
09_Descriptions_Adjectives_Colors,683,sentence2,This is a stubborn habit to break.,C'est une habitude têtue à changer.,09_Descriptions_Adjectives_Colors/683_stubborn_ex2.m4a
09_Descriptions_Adjectives_Colors,684,word,gentle,doux,09_Descriptions_Adjectives_Colors/684_gentle.m4a
09_Descriptions_Adjectives_Colors,684,sentence1,She has a very gentle voice.,Elle a une voix très douce.,09_Descriptions_Adjectives_Colors/684_gentle_ex1.m4a
09_Descriptions_Adjectives_Colors,684,sentence2,This is a gentle breeze.,C'est une brise douce.,09_Descriptions_Adjectives_Colors/684_gentle_ex2.m4a
09_Descriptions_Adjectives_Colors,685,word,strict,strict,09_Descriptions_Adjectives_Colors/685_strict.m4a
09_Descriptions_Adjectives_Colors,685,sentence1,My teacher is very strict.,Mon professeur est très strict.,09_Descriptions_Adjectives_Colors/685_strict_ex1.m4a
09_Descriptions_Adjectives_Colors,685,sentence2,This is a strict rule.,C'est une règle stricte.,09_Descriptions_Adjectives_Colors/685_strict_ex2.m4a
09_Descriptions_Adjectives_Colors,686,word,wise,sage,09_Descriptions_Adjectives_Colors/686_wise.m4a
09_Descriptions_Adjectives_Colors,686,sentence1,My grandfather is very wise.,Mon grand-père est très sage.,09_Descriptions_Adjectives_Colors/686_wise_ex1.m4a
09_Descriptions_Adjectives_Colors,686,sentence2,This is a wise decision.,C'est une décision sage.,09_Descriptions_Adjectives_Colors/686_wise_ex2.m4a
09_Descriptions_Adjectives_Colors,687,word,modern,moderne,09_Descriptions_Adjectives_Colors/687_modern.m4a
09_Descriptions_Adjectives_Colors,687,sentence1,This is a modern building.,C'est un bâtiment moderne.,09_Descriptions_Adjectives_Colors/687_modern_ex1.m4a
09_Descriptions_Adjectives_Colors,687,sentence2,I love modern architecture.,J'adore l'architecture moderne.,09_Descriptions_Adjectives_Colors/687_modern_ex2.m4a
09_Descriptions_Adjectives_Colors,688,word,ancient,ancien,09_Descriptions_Adjectives_Colors/688_ancient.m4a
09_Descriptions_Adjectives_Colors,688,sentence1,We visited an ancient temple.,Nous avons visité un temple ancien.,09_Descriptions_Adjectives_Colors/688_ancient_ex1.m4a
09_Descriptions_Adjectives_Colors,688,sentence2,This is an ancient tradition.,C'est une tradition ancienne.,09_Descriptions_Adjectives_Colors/688_ancient_ex2.m4a
09_Descriptions_Adjectives_Colors,451,word,color,couleur,09_Descriptions_Adjectives_Colors/451_color.m4a
09_Descriptions_Adjectives_Colors,451,sentence1,What is your favorite color?,Quelle est ta couleur préférée ?,09_Descriptions_Adjectives_Colors/451_color_ex1.m4a
09_Descriptions_Adjectives_Colors,451,sentence2,This dress comes in many colors.,Cette robe existe en plusieurs couleurs.,09_Descriptions_Adjectives_Colors/451_color_ex2.m4a
09_Descriptions_Adjectives_Colors,452,word,red,rouge,09_Descriptions_Adjectives_Colors/452_red.m4a
09_Descriptions_Adjectives_Colors,452,sentence1,She wore a red dress.,Elle portait une robe rouge.,09_Descriptions_Adjectives_Colors/452_red_ex1.m4a
09_Descriptions_Adjectives_Colors,452,sentence2,I love the color red.,J'aime la couleur rouge.,09_Descriptions_Adjectives_Colors/452_red_ex2.m4a
09_Descriptions_Adjectives_Colors,453,word,blue,bleu,09_Descriptions_Adjectives_Colors/453_blue.m4a
09_Descriptions_Adjectives_Colors,453,sentence1,She wore a blue dress.,Elle portait une robe bleue.,09_Descriptions_Adjectives_Colors/453_blue_ex1.m4a
09_Descriptions_Adjectives_Colors,453,sentence2,I love the color blue.,J'aime la couleur bleue.,09_Descriptions_Adjectives_Colors/453_blue_ex2.m4a
09_Descriptions_Adjectives_Colors,454,word,green,vert,09_Descriptions_Adjectives_Colors/454_green.m4a
09_Descriptions_Adjectives_Colors,454,sentence1,She wore a green dress.,Elle portait une robe verte.,09_Descriptions_Adjectives_Colors/454_green_ex1.m4a
09_Descriptions_Adjectives_Colors,454,sentence2,I love the color green.,J'aime la couleur verte.,09_Descriptions_Adjectives_Colors/454_green_ex2.m4a
09_Descriptions_Adjectives_Colors,455,word,yellow,jaune,09_Descriptions_Adjectives_Colors/455_yellow.m4a
09_Descriptions_Adjectives_Colors,455,sentence1,She wore a yellow dress.,Elle portait une robe jaune.,09_Descriptions_Adjectives_Colors/455_yellow_ex1.m4a
09_Descriptions_Adjectives_Colors,455,sentence2,I love the color yellow.,J'aime la couleur jaune.,09_Descriptions_Adjectives_Colors/455_yellow_ex2.m4a
09_Descriptions_Adjectives_Colors,456,word,black,noir,09_Descriptions_Adjectives_Colors/456_black.m4a
09_Descriptions_Adjectives_Colors,456,sentence1,She wore a black dress.,Elle portait une robe noire.,09_Descriptions_Adjectives_Colors/456_black_ex1.m4a
09_Descriptions_Adjectives_Colors,456,sentence2,I love the color black.,J'aime la couleur noire.,09_Descriptions_Adjectives_Colors/456_black_ex2.m4a
09_Descriptions_Adjectives_Colors,457,word,white,blanc,09_Descriptions_Adjectives_Colors/457_white.m4a
09_Descriptions_Adjectives_Colors,457,sentence1,She wore a white dress.,Elle portait une robe blanche.,09_Descriptions_Adjectives_Colors/457_white_ex1.m4a
09_Descriptions_Adjectives_Colors,457,sentence2,I love the color white.,J'aime la couleur blanche.,09_Descriptions_Adjectives_Colors/457_white_ex2.m4a
09_Descriptions_Adjectives_Colors,458,word,orange,orange,09_Descriptions_Adjectives_Colors/458_orange.m4a
09_Descriptions_Adjectives_Colors,458,sentence1,She wore an orange dress.,Elle portait une robe orange.,09_Descriptions_Adjectives_Colors/458_orange_ex1.m4a
09_Descriptions_Adjectives_Colors,458,sentence2,I love the color orange.,J'aime la couleur orange.,09_Descriptions_Adjectives_Colors/458_orange_ex2.m4a
09_Descriptions_Adjectives_Colors,459,word,purple,violet,09_Descriptions_Adjectives_Colors/459_purple.m4a
09_Descriptions_Adjectives_Colors,459,sentence1,She wore a purple dress.,Elle portait une robe violette.,09_Descriptions_Adjectives_Colors/459_purple_ex1.m4a
09_Descriptions_Adjectives_Colors,459,sentence2,I love the color purple.,J'aime la couleur violette.,09_Descriptions_Adjectives_Colors/459_purple_ex2.m4a
09_Descriptions_Adjectives_Colors,460,word,gray,gris,09_Descriptions_Adjectives_Colors/460_gray.m4a
09_Descriptions_Adjectives_Colors,460,sentence1,She wore a gray dress.,Elle portait une robe grise.,09_Descriptions_Adjectives_Colors/460_gray_ex1.m4a
09_Descriptions_Adjectives_Colors,460,sentence2,I love the color gray.,J'aime la couleur grise.,09_Descriptions_Adjectives_Colors/460_gray_ex2.m4a
09_Descriptions_Adjectives_Colors,461,word,brown,marron,09_Descriptions_Adjectives_Colors/461_brown.m4a
09_Descriptions_Adjectives_Colors,461,sentence1,She wore a brown dress.,Elle portait une robe marron.,09_Descriptions_Adjectives_Colors/461_brown_ex1.m4a
09_Descriptions_Adjectives_Colors,461,sentence2,I love the color brown.,J'aime la couleur marron.,09_Descriptions_Adjectives_Colors/461_brown_ex2.m4a
10_Numbers_Quantities_Measurements,462,word,one,un,10_Numbers_Quantities_Measurements/462_one.m4a
10_Numbers_Quantities_Measurements,462,sentence1,I have one brother.,J'ai un frère.,10_Numbers_Quantities_Measurements/462_one_ex1.m4a
10_Numbers_Quantities_Measurements,462,sentence2,She bought one ticket.,Elle a acheté un billet.,10_Numbers_Quantities_Measurements/462_one_ex2.m4a
10_Numbers_Quantities_Measurements,463,word,two,deux,10_Numbers_Quantities_Measurements/463_two.m4a
10_Numbers_Quantities_Measurements,463,sentence1,I have two brothers.,J'ai deux frères.,10_Numbers_Quantities_Measurements/463_two_ex1.m4a
10_Numbers_Quantities_Measurements,463,sentence2,She bought two tickets.,Elle a acheté deux billets.,10_Numbers_Quantities_Measurements/463_two_ex2.m4a
10_Numbers_Quantities_Measurements,464,word,three,trois,10_Numbers_Quantities_Measurements/464_three.m4a
10_Numbers_Quantities_Measurements,464,sentence1,I have three sisters.,J'ai trois sœurs.,10_Numbers_Quantities_Measurements/464_three_ex1.m4a
10_Numbers_Quantities_Measurements,464,sentence2,She bought three tickets.,Elle a acheté trois billets.,10_Numbers_Quantities_Measurements/464_three_ex2.m4a
10_Numbers_Quantities_Measurements,465,word,four,quatre,10_Numbers_Quantities_Measurements/465_four.m4a
10_Numbers_Quantities_Measurements,465,sentence1,I have four cousins.,J'ai quatre cousins.,10_Numbers_Quantities_Measurements/465_four_ex1.m4a
10_Numbers_Quantities_Measurements,465,sentence2,She bought four tickets.,Elle a acheté quatre billets.,10_Numbers_Quantities_Measurements/465_four_ex2.m4a
10_Numbers_Quantities_Measurements,466,word,five,cinq,10_Numbers_Quantities_Measurements/466_five.m4a
10_Numbers_Quantities_Measurements,466,sentence1,I have five books on my desk.,J'ai cinq livres sur mon bureau.,10_Numbers_Quantities_Measurements/466_five_ex1.m4a
10_Numbers_Quantities_Measurements,466,sentence2,She bought five tickets.,Elle a acheté cinq billets.,10_Numbers_Quantities_Measurements/466_five_ex2.m4a
10_Numbers_Quantities_Measurements,467,word,six,six,10_Numbers_Quantities_Measurements/467_six.m4a
10_Numbers_Quantities_Measurements,467,sentence1,I have six cousins.,J'ai six cousins.,10_Numbers_Quantities_Measurements/467_six_ex1.m4a
10_Numbers_Quantities_Measurements,467,sentence2,She bought six tickets.,Elle a acheté six billets.,10_Numbers_Quantities_Measurements/467_six_ex2.m4a
10_Numbers_Quantities_Measurements,468,word,seven,sept,10_Numbers_Quantities_Measurements/468_seven.m4a
10_Numbers_Quantities_Measurements,468,sentence1,I have seven cousins.,J'ai sept cousins.,10_Numbers_Quantities_Measurements/468_seven_ex1.m4a
10_Numbers_Quantities_Measurements,468,sentence2,She bought seven tickets.,Elle a acheté sept billets.,10_Numbers_Quantities_Measurements/468_seven_ex2.m4a
10_Numbers_Quantities_Measurements,469,word,eight,huit,10_Numbers_Quantities_Measurements/469_eight.m4a
10_Numbers_Quantities_Measurements,469,sentence1,I have eight cousins.,J'ai huit cousins.,10_Numbers_Quantities_Measurements/469_eight_ex1.m4a
10_Numbers_Quantities_Measurements,469,sentence2,She bought eight tickets.,Elle a acheté huit billets.,10_Numbers_Quantities_Measurements/469_eight_ex2.m4a
10_Numbers_Quantities_Measurements,470,word,nine,neuf,10_Numbers_Quantities_Measurements/470_nine.m4a
10_Numbers_Quantities_Measurements,470,sentence1,I have nine cousins.,J'ai neuf cousins.,10_Numbers_Quantities_Measurements/470_nine_ex1.m4a
10_Numbers_Quantities_Measurements,470,sentence2,She bought nine tickets.,Elle a acheté neuf billets.,10_Numbers_Quantities_Measurements/470_nine_ex2.m4a
10_Numbers_Quantities_Measurements,471,word,ten,dix,10_Numbers_Quantities_Measurements/471_ten.m4a
10_Numbers_Quantities_Measurements,471,sentence1,I have ten cousins.,J'ai dix cousins.,10_Numbers_Quantities_Measurements/471_ten_ex1.m4a
10_Numbers_Quantities_Measurements,471,sentence2,She bought ten tickets.,Elle a acheté dix billets.,10_Numbers_Quantities_Measurements/471_ten_ex2.m4a
10_Numbers_Quantities_Measurements,472,word,hundred,cent,10_Numbers_Quantities_Measurements/472_hundred.m4a
10_Numbers_Quantities_Measurements,472,sentence1,I have a hundred dollars.,J'ai cent dollars.,10_Numbers_Quantities_Measurements/472_hundred_ex1.m4a
10_Numbers_Quantities_Measurements,472,sentence2,She bought a hundred tickets.,Elle a acheté cent billets.,10_Numbers_Quantities_Measurements/472_hundred_ex2.m4a
10_Numbers_Quantities_Measurements,473,word,thousand,mille,10_Numbers_Quantities_Measurements/473_thousand.m4a
10_Numbers_Quantities_Measurements,473,sentence1,I have a thousand dollars saved.,J'ai mille dollars d'économies.,10_Numbers_Quantities_Measurements/473_thousand_ex1.m4a
10_Numbers_Quantities_Measurements,473,sentence2,She bought a thousand tickets for the raffle.,Elle a acheté mille billets pour la tombola.,10_Numbers_Quantities_Measurements/473_thousand_ex2.m4a
10_Numbers_Quantities_Measurements,474,word,first,premier,10_Numbers_Quantities_Measurements/474_first.m4a
10_Numbers_Quantities_Measurements,474,sentence1,This is my first day at work.,C'est mon premier jour de travail.,10_Numbers_Quantities_Measurements/474_first_ex1.m4a
10_Numbers_Quantities_Measurements,474,sentence2,She was the first to arrive.,Elle a été la première à arriver.,10_Numbers_Quantities_Measurements/474_first_ex2.m4a
10_Numbers_Quantities_Measurements,475,word,second (ordinal),deuxième,10_Numbers_Quantities_Measurements/475_second_ordinal.m4a
10_Numbers_Quantities_Measurements,475,sentence1,This is my second visit to Paris.,C'est ma deuxième visite à Paris.,10_Numbers_Quantities_Measurements/475_second_ordinal_ex1.m4a
10_Numbers_Quantities_Measurements,475,sentence2,She finished in second place.,Elle a terminé en deuxième place.,10_Numbers_Quantities_Measurements/475_second_ordinal_ex2.m4a
10_Numbers_Quantities_Measurements,476,word,last,dernier,10_Numbers_Quantities_Measurements/476_last.m4a
10_Numbers_Quantities_Measurements,476,sentence1,This is my last day here.,C'est mon dernier jour ici.,10_Numbers_Quantities_Measurements/476_last_ex1.m4a
10_Numbers_Quantities_Measurements,476,sentence2,She finished in last place.,Elle a terminé en dernière place.,10_Numbers_Quantities_Measurements/476_last_ex2.m4a
10_Numbers_Quantities_Measurements,719,word,kilogram,kilogramme,10_Numbers_Quantities_Measurements/719_kilogram.m4a
10_Numbers_Quantities_Measurements,719,sentence1,I bought one kilogram of apples.,J'ai acheté un kilogramme de pommes.,10_Numbers_Quantities_Measurements/719_kilogram_ex1.m4a
10_Numbers_Quantities_Measurements,719,sentence2,This bag weighs two kilograms.,Ce sac pèse deux kilogrammes.,10_Numbers_Quantities_Measurements/719_kilogram_ex2.m4a
10_Numbers_Quantities_Measurements,720,word,kilometer,kilomètre,10_Numbers_Quantities_Measurements/720_kilometer.m4a
10_Numbers_Quantities_Measurements,720,sentence1,We walked five kilometers today.,Nous avons marché cinq kilomètres aujourd'hui.,10_Numbers_Quantities_Measurements/720_kilometer_ex1.m4a
10_Numbers_Quantities_Measurements,720,sentence2,This city is ten kilometers away.,Cette ville est à dix kilomètres.,10_Numbers_Quantities_Measurements/720_kilometer_ex2.m4a
10_Numbers_Quantities_Measurements,721,word,liter,litre,10_Numbers_Quantities_Measurements/721_liter.m4a
10_Numbers_Quantities_Measurements,721,sentence1,I bought one liter of milk.,J'ai acheté un litre de lait.,10_Numbers_Quantities_Measurements/721_liter_ex1.m4a
10_Numbers_Quantities_Measurements,721,sentence2,This bottle holds two liters of water.,Cette bouteille contient deux litres d'eau.,10_Numbers_Quantities_Measurements/721_liter_ex2.m4a
10_Numbers_Quantities_Measurements,722,word,meter,mètre,10_Numbers_Quantities_Measurements/722_meter.m4a
10_Numbers_Quantities_Measurements,722,sentence1,This table is one meter long.,Cette table fait un mètre de long.,10_Numbers_Quantities_Measurements/722_meter_ex1.m4a
10_Numbers_Quantities_Measurements,722,sentence2,We measured the room at five meters.,Nous avons mesuré la pièce à cinq mètres.,10_Numbers_Quantities_Measurements/722_meter_ex2.m4a
10_Numbers_Quantities_Measurements,723,word,dozen,douzaine,10_Numbers_Quantities_Measurements/723_dozen.m4a
10_Numbers_Quantities_Measurements,723,sentence1,I bought a dozen eggs.,J'ai acheté une douzaine d'œufs.,10_Numbers_Quantities_Measurements/723_dozen_ex1.m4a
10_Numbers_Quantities_Measurements,723,sentence2,This bakery sells a dozen cookies for five dollars.,Cette boulangerie vend une douzaine de biscuits pour cinq dollars.,10_Numbers_Quantities_Measurements/723_dozen_ex2.m4a
10_Numbers_Quantities_Measurements,724,word,pair,paire,10_Numbers_Quantities_Measurements/724_pair.m4a
10_Numbers_Quantities_Measurements,724,sentence1,I bought a pair of shoes.,J'ai acheté une paire de chaussures.,10_Numbers_Quantities_Measurements/724_pair_ex1.m4a
10_Numbers_Quantities_Measurements,724,sentence2,This pair of gloves is very warm.,Cette paire de gants est très chaude.,10_Numbers_Quantities_Measurements/724_pair_ex2.m4a
10_Numbers_Quantities_Measurements,725,word,half,moitié,10_Numbers_Quantities_Measurements/725_half.m4a
10_Numbers_Quantities_Measurements,725,sentence1,I ate half of the sandwich.,J'ai mangé la moitié du sandwich.,10_Numbers_Quantities_Measurements/725_half_ex1.m4a
10_Numbers_Quantities_Measurements,725,sentence2,She gave me half of her lunch.,Elle m'a donné la moitié de son déjeuner.,10_Numbers_Quantities_Measurements/725_half_ex2.m4a
10_Numbers_Quantities_Measurements,726,word,quarter,quart,10_Numbers_Quantities_Measurements/726_quarter.m4a
10_Numbers_Quantities_Measurements,726,sentence1,I ate a quarter of the pizza.,J'ai mangé un quart de la pizza.,10_Numbers_Quantities_Measurements/726_quarter_ex1.m4a
10_Numbers_Quantities_Measurements,726,sentence2,This is a quarter of the total cost.,C'est un quart du coût total.,10_Numbers_Quantities_Measurements/726_quarter_ex2.m4a
11_Everyday_Objects_Technology,477,word,thing,chose,11_Everyday_Objects_Technology/477_thing.m4a
11_Everyday_Objects_Technology,477,sentence1,This is a beautiful thing.,C'est une belle chose.,11_Everyday_Objects_Technology/477_thing_ex1.m4a
11_Everyday_Objects_Technology,477,sentence2,I have many things to do today.,J'ai beaucoup de choses à faire aujourd'hui.,11_Everyday_Objects_Technology/477_thing_ex2.m4a
11_Everyday_Objects_Technology,478,word,word,mot,11_Everyday_Objects_Technology/478_word.m4a
11_Everyday_Objects_Technology,478,sentence1,I don't know this word.,Je ne connais pas ce mot.,11_Everyday_Objects_Technology/478_word_ex1.m4a
11_Everyday_Objects_Technology,478,sentence2,She said a kind word to me.,Elle m'a dit un mot gentil.,11_Everyday_Objects_Technology/478_word_ex2.m4a
11_Everyday_Objects_Technology,479,word,name,nom,11_Everyday_Objects_Technology/479_name.m4a
11_Everyday_Objects_Technology,479,sentence1,What is your name?,Comment t'appelles-tu ?,11_Everyday_Objects_Technology/479_name_ex1.m4a
11_Everyday_Objects_Technology,479,sentence2,My name is Sarah.,Je m'appelle Sarah.,11_Everyday_Objects_Technology/479_name_ex2.m4a
11_Everyday_Objects_Technology,480,word,number,nombre,11_Everyday_Objects_Technology/480_number.m4a
11_Everyday_Objects_Technology,480,sentence1,I forgot your phone number.,J'ai oublié ton numéro de téléphone.,11_Everyday_Objects_Technology/480_number_ex1.m4a
11_Everyday_Objects_Technology,480,sentence2,This is a large number of people.,C'est un grand nombre de personnes.,11_Everyday_Objects_Technology/480_number_ex2.m4a
11_Everyday_Objects_Technology,481,word,money,argent,11_Everyday_Objects_Technology/481_money.m4a
11_Everyday_Objects_Technology,481,sentence1,I don't have much money.,Je n'ai pas beaucoup d'argent.,11_Everyday_Objects_Technology/481_money_ex1.m4a
11_Everyday_Objects_Technology,481,sentence2,She saved a lot of money.,Elle a économisé beaucoup d'argent.,11_Everyday_Objects_Technology/481_money_ex2.m4a
11_Everyday_Objects_Technology,482,word,book,livre,11_Everyday_Objects_Technology/482_book.m4a
11_Everyday_Objects_Technology,482,sentence1,I am reading a good book.,Je lis un bon livre.,11_Everyday_Objects_Technology/482_book_ex1.m4a
11_Everyday_Objects_Technology,482,sentence2,She wrote a book about her life.,Elle a écrit un livre sur sa vie.,11_Everyday_Objects_Technology/482_book_ex2.m4a
11_Everyday_Objects_Technology,483,word,paper,papier,11_Everyday_Objects_Technology/483_paper.m4a
11_Everyday_Objects_Technology,483,sentence1,I wrote my name on the paper.,J'ai écrit mon nom sur le papier.,11_Everyday_Objects_Technology/483_paper_ex1.m4a
11_Everyday_Objects_Technology,483,sentence2,She folded the paper carefully.,Elle a plié le papier avec soin.,11_Everyday_Objects_Technology/483_paper_ex2.m4a
11_Everyday_Objects_Technology,484,word,phone,téléphone,11_Everyday_Objects_Technology/484_phone.m4a
11_Everyday_Objects_Technology,484,sentence1,I lost my phone yesterday.,J'ai perdu mon téléphone hier.,11_Everyday_Objects_Technology/484_phone_ex1.m4a
11_Everyday_Objects_Technology,484,sentence2,She called me on the phone.,Elle m'a appelé au téléphone.,11_Everyday_Objects_Technology/484_phone_ex2.m4a
11_Everyday_Objects_Technology,485,word,computer,ordinateur,11_Everyday_Objects_Technology/485_computer.m4a
11_Everyday_Objects_Technology,485,sentence1,I work on my computer every day.,Je travaille sur mon ordinateur tous les jours.,11_Everyday_Objects_Technology/485_computer_ex1.m4a
11_Everyday_Objects_Technology,485,sentence2,My computer is very old.,Mon ordinateur est très vieux.,11_Everyday_Objects_Technology/485_computer_ex2.m4a
11_Everyday_Objects_Technology,486,word,car,voiture,11_Everyday_Objects_Technology/486_car.m4a
11_Everyday_Objects_Technology,486,sentence1,I bought a new car.,J'ai acheté une nouvelle voiture.,11_Everyday_Objects_Technology/486_car_ex1.m4a
11_Everyday_Objects_Technology,486,sentence2,She drives a red car.,Elle conduit une voiture rouge.,11_Everyday_Objects_Technology/486_car_ex2.m4a
11_Everyday_Objects_Technology,487,word,bag,sac,11_Everyday_Objects_Technology/487_bag.m4a
11_Everyday_Objects_Technology,487,sentence1,I carry my books in a bag.,Je porte mes livres dans un sac.,11_Everyday_Objects_Technology/487_bag_ex1.m4a
11_Everyday_Objects_Technology,487,sentence2,She bought a new handbag.,Elle a acheté un nouveau sac à main.,11_Everyday_Objects_Technology/487_bag_ex2.m4a
11_Everyday_Objects_Technology,488,word,table,table,11_Everyday_Objects_Technology/488_table.m4a
11_Everyday_Objects_Technology,488,sentence1,The book is on the table.,Le livre est sur la table.,11_Everyday_Objects_Technology/488_table_ex1.m4a
11_Everyday_Objects_Technology,488,sentence2,We sat around the table.,Nous étions assis autour de la table.,11_Everyday_Objects_Technology/488_table_ex2.m4a
11_Everyday_Objects_Technology,489,word,chair,chaise,11_Everyday_Objects_Technology/489_chair.m4a
11_Everyday_Objects_Technology,489,sentence1,Please sit in this chair.,"Assieds-toi sur cette chaise, s'il te plaît.",11_Everyday_Objects_Technology/489_chair_ex1.m4a
11_Everyday_Objects_Technology,489,sentence2,This chair is very comfortable.,Cette chaise est très confortable.,11_Everyday_Objects_Technology/489_chair_ex2.m4a
11_Everyday_Objects_Technology,490,word,bed,lit,11_Everyday_Objects_Technology/490_bed.m4a
11_Everyday_Objects_Technology,490,sentence1,I made my bed this morning.,J'ai fait mon lit ce matin.,11_Everyday_Objects_Technology/490_bed_ex1.m4a
11_Everyday_Objects_Technology,490,sentence2,She went to bed early.,Elle s'est couchée tôt.,11_Everyday_Objects_Technology/490_bed_ex2.m4a
11_Everyday_Objects_Technology,491,word,clothes,vêtements,11_Everyday_Objects_Technology/491_clothes.m4a
11_Everyday_Objects_Technology,491,sentence1,I need to wash my clothes.,Je dois laver mes vêtements.,11_Everyday_Objects_Technology/491_clothes_ex1.m4a
11_Everyday_Objects_Technology,491,sentence2,She bought new clothes for the trip.,Elle a acheté de nouveaux vêtements pour le voyage.,11_Everyday_Objects_Technology/491_clothes_ex2.m4a
11_Everyday_Objects_Technology,492,word,music,musique,11_Everyday_Objects_Technology/492_music.m4a
11_Everyday_Objects_Technology,492,sentence1,I love listening to music.,J'adore écouter de la musique.,11_Everyday_Objects_Technology/492_music_ex1.m4a
11_Everyday_Objects_Technology,492,sentence2,She plays music every morning.,Elle joue de la musique tous les matins.,11_Everyday_Objects_Technology/492_music_ex2.m4a
11_Everyday_Objects_Technology,493,word,movie,film,11_Everyday_Objects_Technology/493_movie.m4a
11_Everyday_Objects_Technology,493,sentence1,We watched a great movie last night.,Nous avons regardé un excellent film hier soir.,11_Everyday_Objects_Technology/493_movie_ex1.m4a
11_Everyday_Objects_Technology,493,sentence2,This movie made me cry.,Ce film m'a fait pleurer.,11_Everyday_Objects_Technology/493_movie_ex2.m4a
11_Everyday_Objects_Technology,494,word,game,jeu,11_Everyday_Objects_Technology/494_game.m4a
11_Everyday_Objects_Technology,494,sentence1,We played a fun game together.,Nous avons joué à un jeu amusant ensemble.,11_Everyday_Objects_Technology/494_game_ex1.m4a
11_Everyday_Objects_Technology,494,sentence2,This game is very challenging.,Ce jeu est très difficile.,11_Everyday_Objects_Technology/494_game_ex2.m4a
11_Everyday_Objects_Technology,495,word,picture,image / photo,11_Everyday_Objects_Technology/495_picture.m4a
11_Everyday_Objects_Technology,495,sentence1,She took a beautiful picture.,Elle a pris une belle photo.,11_Everyday_Objects_Technology/495_picture_ex1.m4a
11_Everyday_Objects_Technology,495,sentence2,I hung a picture on the wall.,J'ai accroché une image sur le mur.,11_Everyday_Objects_Technology/495_picture_ex2.m4a
11_Everyday_Objects_Technology,496,word,letter,lettre,11_Everyday_Objects_Technology/496_letter.m4a
11_Everyday_Objects_Technology,496,sentence1,I wrote a letter to my grandmother.,J'ai écrit une lettre à ma grand-mère.,11_Everyday_Objects_Technology/496_letter_ex1.m4a
11_Everyday_Objects_Technology,496,sentence2,She received a letter from her friend.,Elle a reçu une lettre de son amie.,11_Everyday_Objects_Technology/496_letter_ex2.m4a
11_Everyday_Objects_Technology,497,word,question,question,11_Everyday_Objects_Technology/497_question.m4a
11_Everyday_Objects_Technology,497,sentence1,I have a question for you.,J'ai une question pour toi.,11_Everyday_Objects_Technology/497_question_ex1.m4a
11_Everyday_Objects_Technology,497,sentence2,She asked an interesting question.,Elle a posé une question intéressante.,11_Everyday_Objects_Technology/497_question_ex2.m4a
11_Everyday_Objects_Technology,498,word,answer,réponse,11_Everyday_Objects_Technology/498_answer.m4a
11_Everyday_Objects_Technology,498,sentence1,I know the answer.,Je connais la réponse.,11_Everyday_Objects_Technology/498_answer_ex1.m4a
11_Everyday_Objects_Technology,498,sentence2,She gave a good answer.,Elle a donné une bonne réponse.,11_Everyday_Objects_Technology/498_answer_ex2.m4a
11_Everyday_Objects_Technology,499,word,idea,idée,11_Everyday_Objects_Technology/499_idea.m4a
11_Everyday_Objects_Technology,499,sentence1,This is a great idea.,C'est une excellente idée.,11_Everyday_Objects_Technology/499_idea_ex1.m4a
11_Everyday_Objects_Technology,499,sentence2,She had a brilliant idea.,Elle a eu une idée brillante.,11_Everyday_Objects_Technology/499_idea_ex2.m4a
11_Everyday_Objects_Technology,500,word,problem,problème,11_Everyday_Objects_Technology/500_problem.m4a
11_Everyday_Objects_Technology,500,sentence1,We have a big problem.,Nous avons un gros problème.,11_Everyday_Objects_Technology/500_problem_ex1.m4a
11_Everyday_Objects_Technology,500,sentence2,She solved the problem quickly.,Elle a résolu le problème rapidement.,11_Everyday_Objects_Technology/500_problem_ex2.m4a
11_Everyday_Objects_Technology,767,word,life,vie,11_Everyday_Objects_Technology/767_life.m4a
11_Everyday_Objects_Technology,767,sentence1,I love my life.,J'aime ma vie.,11_Everyday_Objects_Technology/767_life_ex1.m4a
11_Everyday_Objects_Technology,767,sentence2,She lived a happy life.,Elle a vécu une vie heureuse.,11_Everyday_Objects_Technology/767_life_ex2.m4a
11_Everyday_Objects_Technology,768,word,people,gens,11_Everyday_Objects_Technology/768_people.m4a
11_Everyday_Objects_Technology,768,sentence1,Many people came to the event.,Beaucoup de gens sont venus à l'événement.,11_Everyday_Objects_Technology/768_people_ex1.m4a
11_Everyday_Objects_Technology,768,sentence2,These people are very kind.,Ces gens sont très gentils.,11_Everyday_Objects_Technology/768_people_ex2.m4a
11_Everyday_Objects_Technology,769,word,story,histoire,11_Everyday_Objects_Technology/769_story.m4a
11_Everyday_Objects_Technology,769,sentence1,She told an interesting story.,Elle a raconté une histoire intéressante.,11_Everyday_Objects_Technology/769_story_ex1.m4a
11_Everyday_Objects_Technology,769,sentence2,This is a true story.,C'est une histoire vraie.,11_Everyday_Objects_Technology/769_story_ex2.m4a
11_Everyday_Objects_Technology,770,word,war,guerre,11_Everyday_Objects_Technology/770_war.m4a
11_Everyday_Objects_Technology,770,sentence1,The war lasted many years.,La guerre a duré de nombreuses années.,11_Everyday_Objects_Technology/770_war_ex1.m4a
11_Everyday_Objects_Technology,770,sentence2,This book is about the war.,Ce livre parle de la guerre.,11_Everyday_Objects_Technology/770_war_ex2.m4a
11_Everyday_Objects_Technology,771,word,love (noun),amour,11_Everyday_Objects_Technology/771_love_noun.m4a
11_Everyday_Objects_Technology,771,sentence1,Their love grew stronger over time.,Leur amour est devenu plus fort avec le temps.,11_Everyday_Objects_Technology/771_love_noun_ex1.m4a
11_Everyday_Objects_Technology,771,sentence2,This is a story about love.,C'est une histoire d'amour.,11_Everyday_Objects_Technology/771_love_noun_ex2.m4a
11_Everyday_Objects_Technology,772,word,work (noun),travail,11_Everyday_Objects_Technology/772_work_noun.m4a
11_Everyday_Objects_Technology,772,sentence1,I have a lot of work today.,J'ai beaucoup de travail aujourd'hui.,11_Everyday_Objects_Technology/772_work_noun_ex1.m4a
11_Everyday_Objects_Technology,772,sentence2,This work requires patience.,Ce travail demande de la patience.,11_Everyday_Objects_Technology/772_work_noun_ex2.m4a
11_Everyday_Objects_Technology,773,word,team,équipe,11_Everyday_Objects_Technology/773_team.m4a
11_Everyday_Objects_Technology,773,sentence1,Our team won the championship.,Notre équipe a remporté le championnat.,11_Everyday_Objects_Technology/773_team_ex1.m4a
11_Everyday_Objects_Technology,773,sentence2,This team works well together.,Cette équipe travaille bien ensemble.,11_Everyday_Objects_Technology/773_team_ex2.m4a
11_Everyday_Objects_Technology,774,word,truth,vérité,11_Everyday_Objects_Technology/774_truth.m4a
11_Everyday_Objects_Technology,774,sentence1,I want to know the truth.,Je veux connaître la vérité.,11_Everyday_Objects_Technology/774_truth_ex1.m4a
11_Everyday_Objects_Technology,774,sentence2,She told the truth about what happened.,Elle a dit la vérité sur ce qui s'est passé.,11_Everyday_Objects_Technology/774_truth_ex2.m4a
11_Everyday_Objects_Technology,775,word,land / earth,terre,11_Everyday_Objects_Technology/775_land_earth.m4a
11_Everyday_Objects_Technology,775,sentence1,This land belongs to my family.,Cette terre appartient à ma famille.,11_Everyday_Objects_Technology/775_land_earth_ex1.m4a
11_Everyday_Objects_Technology,775,sentence2,The earth is round.,La terre est ronde.,11_Everyday_Objects_Technology/775_land_earth_ex2.m4a
11_Everyday_Objects_Technology,776,word,attention,attention,11_Everyday_Objects_Technology/776_attention.m4a
11_Everyday_Objects_Technology,776,sentence1,"Pay attention, please.","Fais attention, s'il te plaît.",11_Everyday_Objects_Technology/776_attention_ex1.m4a
11_Everyday_Objects_Technology,776,sentence2,She gave her full attention to the lesson.,Elle a accordé toute son attention à la leçon.,11_Everyday_Objects_Technology/776_attention_ex2.m4a
11_Everyday_Objects_Technology,621,word,sofa,canapé,11_Everyday_Objects_Technology/621_sofa.m4a
11_Everyday_Objects_Technology,621,sentence1,I sat on the sofa to relax.,Je me suis assis sur le canapé pour me détendre.,11_Everyday_Objects_Technology/621_sofa_ex1.m4a
11_Everyday_Objects_Technology,621,sentence2,This sofa is very comfortable.,Ce canapé est très confortable.,11_Everyday_Objects_Technology/621_sofa_ex2.m4a
11_Everyday_Objects_Technology,622,word,lamp,lampe,11_Everyday_Objects_Technology/622_lamp.m4a
11_Everyday_Objects_Technology,622,sentence1,I turned on the lamp to read.,J'ai allumé la lampe pour lire.,11_Everyday_Objects_Technology/622_lamp_ex1.m4a
11_Everyday_Objects_Technology,622,sentence2,This lamp is very bright.,Cette lampe est très lumineuse.,11_Everyday_Objects_Technology/622_lamp_ex2.m4a
11_Everyday_Objects_Technology,623,word,mirror,miroir,11_Everyday_Objects_Technology/623_mirror.m4a
11_Everyday_Objects_Technology,623,sentence1,I looked at myself in the mirror.,Je me suis regardé dans le miroir.,11_Everyday_Objects_Technology/623_mirror_ex1.m4a
11_Everyday_Objects_Technology,623,sentence2,This mirror is very old.,Ce miroir est très vieux.,11_Everyday_Objects_Technology/623_mirror_ex2.m4a
11_Everyday_Objects_Technology,624,word,shelf,étagère,11_Everyday_Objects_Technology/624_shelf.m4a
11_Everyday_Objects_Technology,624,sentence1,I put the books on the shelf.,J'ai mis les livres sur l'étagère.,11_Everyday_Objects_Technology/624_shelf_ex1.m4a
11_Everyday_Objects_Technology,624,sentence2,This shelf is very sturdy.,Cette étagère est très solide.,11_Everyday_Objects_Technology/624_shelf_ex2.m4a
11_Everyday_Objects_Technology,625,word,curtain,rideau,11_Everyday_Objects_Technology/625_curtain.m4a
11_Everyday_Objects_Technology,625,sentence1,I closed the curtain before bed.,J'ai fermé le rideau avant de dormir.,11_Everyday_Objects_Technology/625_curtain_ex1.m4a
11_Everyday_Objects_Technology,625,sentence2,This curtain is very heavy.,Ce rideau est très lourd.,11_Everyday_Objects_Technology/625_curtain_ex2.m4a
11_Everyday_Objects_Technology,626,word,blanket,couverture,11_Everyday_Objects_Technology/626_blanket.m4a
11_Everyday_Objects_Technology,626,sentence1,I wrapped myself in a blanket.,Je me suis enveloppé dans une couverture.,11_Everyday_Objects_Technology/626_blanket_ex1.m4a
11_Everyday_Objects_Technology,626,sentence2,This blanket is very warm.,Cette couverture est très chaude.,11_Everyday_Objects_Technology/626_blanket_ex2.m4a
11_Everyday_Objects_Technology,627,word,pillow,oreiller,11_Everyday_Objects_Technology/627_pillow.m4a
11_Everyday_Objects_Technology,627,sentence1,I fluffed my pillow before sleeping.,J'ai gonflé mon oreiller avant de dormir.,11_Everyday_Objects_Technology/627_pillow_ex1.m4a
11_Everyday_Objects_Technology,627,sentence2,This pillow is very soft.,Cet oreiller est très doux.,11_Everyday_Objects_Technology/627_pillow_ex2.m4a
11_Everyday_Objects_Technology,628,word,towel,serviette,11_Everyday_Objects_Technology/628_towel.m4a
11_Everyday_Objects_Technology,628,sentence1,I dried my hands with a towel.,Je me suis séché les mains avec une serviette.,11_Everyday_Objects_Technology/628_towel_ex1.m4a
11_Everyday_Objects_Technology,628,sentence2,This towel is very soft.,Cette serviette est très douce.,11_Everyday_Objects_Technology/628_towel_ex2.m4a
11_Everyday_Objects_Technology,629,word,soap,savon,11_Everyday_Objects_Technology/629_soap.m4a
11_Everyday_Objects_Technology,629,sentence1,I washed my hands with soap.,Je me suis lavé les mains avec du savon.,11_Everyday_Objects_Technology/629_soap_ex1.m4a
11_Everyday_Objects_Technology,629,sentence2,This soap smells like lavender.,Ce savon sent la lavande.,11_Everyday_Objects_Technology/629_soap_ex2.m4a
11_Everyday_Objects_Technology,630,word,refrigerator,réfrigérateur,11_Everyday_Objects_Technology/630_refrigerator.m4a
11_Everyday_Objects_Technology,630,sentence1,I put the milk in the refrigerator.,J'ai mis le lait dans le réfrigérateur.,11_Everyday_Objects_Technology/630_refrigerator_ex1.m4a
11_Everyday_Objects_Technology,630,sentence2,This refrigerator is very large.,Ce réfrigérateur est très grand.,11_Everyday_Objects_Technology/630_refrigerator_ex2.m4a
11_Everyday_Objects_Technology,631,word,oven,four,11_Everyday_Objects_Technology/631_oven.m4a
11_Everyday_Objects_Technology,631,sentence1,I preheated the oven for the cake.,J'ai préchauffé le four pour le gâteau.,11_Everyday_Objects_Technology/631_oven_ex1.m4a
11_Everyday_Objects_Technology,631,sentence2,This oven is very old.,Ce four est très vieux.,11_Everyday_Objects_Technology/631_oven_ex2.m4a
11_Everyday_Objects_Technology,632,word,sink,évier,11_Everyday_Objects_Technology/632_sink.m4a
11_Everyday_Objects_Technology,632,sentence1,I washed the dishes in the sink.,J'ai lavé la vaisselle dans l'évier.,11_Everyday_Objects_Technology/632_sink_ex1.m4a
11_Everyday_Objects_Technology,632,sentence2,This sink is very deep.,Cet évier est très profond.,11_Everyday_Objects_Technology/632_sink_ex2.m4a
11_Everyday_Objects_Technology,535,word,dress,robe,11_Everyday_Objects_Technology/535_dress.m4a
11_Everyday_Objects_Technology,535,sentence1,She wore a beautiful dress.,Elle portait une belle robe.,11_Everyday_Objects_Technology/535_dress_ex1.m4a
11_Everyday_Objects_Technology,535,sentence2,I bought a new dress for the party.,J'ai acheté une nouvelle robe pour la fête.,11_Everyday_Objects_Technology/535_dress_ex2.m4a
11_Everyday_Objects_Technology,536,word,shirt,chemise,11_Everyday_Objects_Technology/536_shirt.m4a
11_Everyday_Objects_Technology,536,sentence1,He wore a white shirt.,Il portait une chemise blanche.,11_Everyday_Objects_Technology/536_shirt_ex1.m4a
11_Everyday_Objects_Technology,536,sentence2,I ironed my shirt this morning.,J'ai repassé ma chemise ce matin.,11_Everyday_Objects_Technology/536_shirt_ex2.m4a
11_Everyday_Objects_Technology,537,word,pants,pantalon,11_Everyday_Objects_Technology/537_pants.m4a
11_Everyday_Objects_Technology,537,sentence1,He wore black pants.,Il portait un pantalon noir.,11_Everyday_Objects_Technology/537_pants_ex1.m4a
11_Everyday_Objects_Technology,537,sentence2,I need to buy new pants.,Je dois acheter un nouveau pantalon.,11_Everyday_Objects_Technology/537_pants_ex2.m4a
11_Everyday_Objects_Technology,538,word,shoes,chaussures,11_Everyday_Objects_Technology/538_shoes.m4a
11_Everyday_Objects_Technology,538,sentence1,I bought new shoes.,J'ai acheté de nouvelles chaussures.,11_Everyday_Objects_Technology/538_shoes_ex1.m4a
11_Everyday_Objects_Technology,538,sentence2,These shoes are very comfortable.,Ces chaussures sont très confortables.,11_Everyday_Objects_Technology/538_shoes_ex2.m4a
11_Everyday_Objects_Technology,539,word,hat,chapeau,11_Everyday_Objects_Technology/539_hat.m4a
11_Everyday_Objects_Technology,539,sentence1,He wore a hat to protect from the sun.,Il portait un chapeau pour se protéger du soleil.,11_Everyday_Objects_Technology/539_hat_ex1.m4a
11_Everyday_Objects_Technology,539,sentence2,I bought a new hat for winter.,J'ai acheté un nouveau chapeau pour l'hiver.,11_Everyday_Objects_Technology/539_hat_ex2.m4a
11_Everyday_Objects_Technology,540,word,coat,manteau,11_Everyday_Objects_Technology/540_coat.m4a
11_Everyday_Objects_Technology,540,sentence1,He wore a warm coat.,Il portait un manteau chaud.,11_Everyday_Objects_Technology/540_coat_ex1.m4a
11_Everyday_Objects_Technology,540,sentence2,I bought a new coat for winter.,J'ai acheté un nouveau manteau pour l'hiver.,11_Everyday_Objects_Technology/540_coat_ex2.m4a
11_Everyday_Objects_Technology,541,word,jacket,veste,11_Everyday_Objects_Technology/541_jacket.m4a
11_Everyday_Objects_Technology,541,sentence1,He wore a leather jacket.,Il portait une veste en cuir.,11_Everyday_Objects_Technology/541_jacket_ex1.m4a
11_Everyday_Objects_Technology,541,sentence2,I bought a new jacket for spring.,J'ai acheté une nouvelle veste pour le printemps.,11_Everyday_Objects_Technology/541_jacket_ex2.m4a
11_Everyday_Objects_Technology,542,word,glasses,lunettes,11_Everyday_Objects_Technology/542_glasses.m4a
11_Everyday_Objects_Technology,542,sentence1,I need my glasses to read.,J'ai besoin de mes lunettes pour lire.,11_Everyday_Objects_Technology/542_glasses_ex1.m4a
11_Everyday_Objects_Technology,542,sentence2,She wears glasses every day.,Elle porte des lunettes tous les jours.,11_Everyday_Objects_Technology/542_glasses_ex2.m4a
11_Everyday_Objects_Technology,543,word,watch,montre,11_Everyday_Objects_Technology/543_watch.m4a
11_Everyday_Objects_Technology,543,sentence1,He wears a watch every day.,Il porte une montre tous les jours.,11_Everyday_Objects_Technology/543_watch_ex1.m4a
11_Everyday_Objects_Technology,543,sentence2,I received this watch as a gift.,J'ai reçu cette montre en cadeau.,11_Everyday_Objects_Technology/543_watch_ex2.m4a
11_Everyday_Objects_Technology,544,word,ring,bague,11_Everyday_Objects_Technology/544_ring.m4a
11_Everyday_Objects_Technology,544,sentence1,She wore a beautiful ring.,Elle portait une belle bague.,11_Everyday_Objects_Technology/544_ring_ex1.m4a
11_Everyday_Objects_Technology,544,sentence2,He gave her a ring for her birthday.,Il lui a offert une bague pour son anniversaire.,11_Everyday_Objects_Technology/544_ring_ex2.m4a
11_Everyday_Objects_Technology,545,word,belt,ceinture,11_Everyday_Objects_Technology/545_belt.m4a
11_Everyday_Objects_Technology,545,sentence1,He wore a leather belt.,Il portait une ceinture en cuir.,11_Everyday_Objects_Technology/545_belt_ex1.m4a
11_Everyday_Objects_Technology,545,sentence2,I need a new belt for these pants.,J'ai besoin d'une nouvelle ceinture pour ce pantalon.,11_Everyday_Objects_Technology/545_belt_ex2.m4a
11_Everyday_Objects_Technology,546,word,scarf,écharpe,11_Everyday_Objects_Technology/546_scarf.m4a
11_Everyday_Objects_Technology,546,sentence1,She wore a warm scarf.,Elle portait une écharpe chaude.,11_Everyday_Objects_Technology/546_scarf_ex1.m4a
11_Everyday_Objects_Technology,546,sentence2,I bought a new scarf for winter.,J'ai acheté une nouvelle écharpe pour l'hiver.,11_Everyday_Objects_Technology/546_scarf_ex2.m4a
11_Everyday_Objects_Technology,547,word,internet,internet,11_Everyday_Objects_Technology/547_internet.m4a
11_Everyday_Objects_Technology,547,sentence1,I use the internet every day.,J'utilise internet tous les jours.,11_Everyday_Objects_Technology/547_internet_ex1.m4a
11_Everyday_Objects_Technology,547,sentence2,The internet is very slow today.,Internet est très lent aujourd'hui.,11_Everyday_Objects_Technology/547_internet_ex2.m4a
11_Everyday_Objects_Technology,548,word,email,courriel,11_Everyday_Objects_Technology/548_email.m4a
11_Everyday_Objects_Technology,548,sentence1,I sent you an email.,Je t'ai envoyé un courriel.,11_Everyday_Objects_Technology/548_email_ex1.m4a
11_Everyday_Objects_Technology,548,sentence2,She checks her email every morning.,Elle vérifie son courriel tous les matins.,11_Everyday_Objects_Technology/548_email_ex2.m4a
11_Everyday_Objects_Technology,549,word,message,message,11_Everyday_Objects_Technology/549_message.m4a
11_Everyday_Objects_Technology,549,sentence1,I sent her a message.,Je lui ai envoyé un message.,11_Everyday_Objects_Technology/549_message_ex1.m4a
11_Everyday_Objects_Technology,549,sentence2,She read my message quickly.,Elle a lu mon message rapidement.,11_Everyday_Objects_Technology/549_message_ex2.m4a
11_Everyday_Objects_Technology,550,word,video,vidéo,11_Everyday_Objects_Technology/550_video.m4a
11_Everyday_Objects_Technology,550,sentence1,I watched a funny video.,J'ai regardé une vidéo drôle.,11_Everyday_Objects_Technology/550_video_ex1.m4a
11_Everyday_Objects_Technology,550,sentence2,She recorded a video of the concert.,Elle a filmé une vidéo du concert.,11_Everyday_Objects_Technology/550_video_ex2.m4a
11_Everyday_Objects_Technology,551,word,camera,appareil photo,11_Everyday_Objects_Technology/551_camera.m4a
11_Everyday_Objects_Technology,551,sentence1,I bought a new camera.,J'ai acheté un nouvel appareil photo.,11_Everyday_Objects_Technology/551_camera_ex1.m4a
11_Everyday_Objects_Technology,551,sentence2,She took photos with her camera.,Elle a pris des photos avec son appareil photo.,11_Everyday_Objects_Technology/551_camera_ex2.m4a
11_Everyday_Objects_Technology,552,word,television,télévision,11_Everyday_Objects_Technology/552_television.m4a
11_Everyday_Objects_Technology,552,sentence1,I watch television every evening.,Je regarde la télévision tous les soirs.,11_Everyday_Objects_Technology/552_television_ex1.m4a
11_Everyday_Objects_Technology,552,sentence2,She turned on the television.,Elle a allumé la télévision.,11_Everyday_Objects_Technology/552_television_ex2.m4a
11_Everyday_Objects_Technology,553,word,application,application,11_Everyday_Objects_Technology/553_application.m4a
11_Everyday_Objects_Technology,553,sentence1,I downloaded a new application.,J'ai téléchargé une nouvelle application.,11_Everyday_Objects_Technology/553_application_ex1.m4a
11_Everyday_Objects_Technology,553,sentence2,This application is very useful.,Cette application est très utile.,11_Everyday_Objects_Technology/553_application_ex2.m4a
11_Everyday_Objects_Technology,554,word,password,mot de passe,11_Everyday_Objects_Technology/554_password.m4a
11_Everyday_Objects_Technology,554,sentence1,I forgot my password.,J'ai oublié mon mot de passe.,11_Everyday_Objects_Technology/554_password_ex1.m4a
11_Everyday_Objects_Technology,554,sentence2,She changed her password last week.,Elle a changé son mot de passe la semaine dernière.,11_Everyday_Objects_Technology/554_password_ex2.m4a
11_Everyday_Objects_Technology,555,word,website,site web,11_Everyday_Objects_Technology/555_website.m4a
11_Everyday_Objects_Technology,555,sentence1,I visited a new website.,J'ai visité un nouveau site web.,11_Everyday_Objects_Technology/555_website_ex1.m4a
11_Everyday_Objects_Technology,555,sentence2,This website is very informative.,Ce site web est très instructif.,11_Everyday_Objects_Technology/555_website_ex2.m4a
11_Everyday_Objects_Technology,556,word,screen,écran,11_Everyday_Objects_Technology/556_screen.m4a
11_Everyday_Objects_Technology,556,sentence1,The screen is very bright.,L'écran est très lumineux.,11_Everyday_Objects_Technology/556_screen_ex1.m4a
11_Everyday_Objects_Technology,556,sentence2,I cracked my phone screen.,J'ai fissuré l'écran de mon téléphone.,11_Everyday_Objects_Technology/556_screen_ex2.m4a
11_Everyday_Objects_Technology,557,word,battery,batterie,11_Everyday_Objects_Technology/557_battery.m4a
11_Everyday_Objects_Technology,557,sentence1,My phone battery is dying.,La batterie de mon téléphone se vide.,11_Everyday_Objects_Technology/557_battery_ex1.m4a
11_Everyday_Objects_Technology,557,sentence2,I need to charge the battery.,Je dois recharger la batterie.,11_Everyday_Objects_Technology/557_battery_ex2.m4a
11_Everyday_Objects_Technology,558,word,wifi,wifi,11_Everyday_Objects_Technology/558_wifi.m4a
11_Everyday_Objects_Technology,558,sentence1,The wifi is very slow here.,Le wifi est très lent ici.,11_Everyday_Objects_Technology/558_wifi_ex1.m4a
11_Everyday_Objects_Technology,558,sentence2,I connected to the wifi immediately.,Je me suis connecté au wifi immédiatement.,11_Everyday_Objects_Technology/558_wifi_ex2.m4a
12_Nature_Animals_Weather,501,word,dog,chien,12_Nature_Animals_Weather/501_dog.m4a
12_Nature_Animals_Weather,501,sentence1,I have a dog.,J'ai un chien.,12_Nature_Animals_Weather/501_dog_ex1.m4a
12_Nature_Animals_Weather,501,sentence2,The dog barked all night.,Le chien a aboyé toute la nuit.,12_Nature_Animals_Weather/501_dog_ex2.m4a
12_Nature_Animals_Weather,502,word,cat,chat,12_Nature_Animals_Weather/502_cat.m4a
12_Nature_Animals_Weather,502,sentence1,I have a cat.,J'ai un chat.,12_Nature_Animals_Weather/502_cat_ex1.m4a
12_Nature_Animals_Weather,502,sentence2,The cat sleeps all day.,Le chat dort toute la journée.,12_Nature_Animals_Weather/502_cat_ex2.m4a
12_Nature_Animals_Weather,503,word,bird,oiseau,12_Nature_Animals_Weather/503_bird.m4a
12_Nature_Animals_Weather,503,sentence1,I heard a bird singing.,J'ai entendu un oiseau chanter.,12_Nature_Animals_Weather/503_bird_ex1.m4a
12_Nature_Animals_Weather,503,sentence2,The bird flew away quickly.,L'oiseau s'est envolé rapidement.,12_Nature_Animals_Weather/503_bird_ex2.m4a
12_Nature_Animals_Weather,504,word,horse,cheval,12_Nature_Animals_Weather/504_horse.m4a
12_Nature_Animals_Weather,504,sentence1,I love riding horses.,J'adore monter à cheval.,12_Nature_Animals_Weather/504_horse_ex1.m4a
12_Nature_Animals_Weather,504,sentence2,The horse ran across the field.,Le cheval a couru à travers le champ.,12_Nature_Animals_Weather/504_horse_ex2.m4a
12_Nature_Animals_Weather,505,word,cow,vache,12_Nature_Animals_Weather/505_cow.m4a
12_Nature_Animals_Weather,505,sentence1,The cow gives fresh milk every morning.,La vache donne du lait frais chaque matin.,12_Nature_Animals_Weather/505_cow_ex1.m4a
12_Nature_Animals_Weather,505,sentence2,We saw cows grazing in the field.,Nous avons vu des vaches paître dans le champ.,12_Nature_Animals_Weather/505_cow_ex2.m4a
12_Nature_Animals_Weather,506,word,pig,cochon,12_Nature_Animals_Weather/506_pig.m4a
12_Nature_Animals_Weather,506,sentence1,The pig rolled in the mud.,Le cochon s'est roulé dans la boue.,12_Nature_Animals_Weather/506_pig_ex1.m4a
12_Nature_Animals_Weather,506,sentence2,We saw pigs on the farm.,Nous avons vu des cochons à la ferme.,12_Nature_Animals_Weather/506_pig_ex2.m4a
12_Nature_Animals_Weather,507,word,sheep,mouton,12_Nature_Animals_Weather/507_sheep.m4a
12_Nature_Animals_Weather,507,sentence1,The sheep grazed in the field.,Le mouton paissait dans le champ.,12_Nature_Animals_Weather/507_sheep_ex1.m4a
12_Nature_Animals_Weather,507,sentence2,We saw many sheep on the farm.,Nous avons vu beaucoup de moutons à la ferme.,12_Nature_Animals_Weather/507_sheep_ex2.m4a
12_Nature_Animals_Weather,508,word,chicken,poulet,12_Nature_Animals_Weather/508_chicken.m4a
12_Nature_Animals_Weather,508,sentence1,We eat chicken for dinner.,Nous mangeons du poulet pour le dîner.,12_Nature_Animals_Weather/508_chicken_ex1.m4a
12_Nature_Animals_Weather,508,sentence2,The chicken laid an egg.,La poule a pondu un œuf.,12_Nature_Animals_Weather/508_chicken_ex2.m4a
12_Nature_Animals_Weather,509,word,duck,canard,12_Nature_Animals_Weather/509_duck.m4a
12_Nature_Animals_Weather,509,sentence1,We saw ducks swimming in the pond.,Nous avons vu des canards nager dans l'étang.,12_Nature_Animals_Weather/509_duck_ex1.m4a
12_Nature_Animals_Weather,509,sentence2,The duck quacked loudly.,Le canard a cancané fort.,12_Nature_Animals_Weather/509_duck_ex2.m4a
12_Nature_Animals_Weather,510,word,rabbit,lapin,12_Nature_Animals_Weather/510_rabbit.m4a
12_Nature_Animals_Weather,510,sentence1,I have a pet rabbit.,J'ai un lapin de compagnie.,12_Nature_Animals_Weather/510_rabbit_ex1.m4a
12_Nature_Animals_Weather,510,sentence2,The rabbit hopped across the garden.,Le lapin a sauté à travers le jardin.,12_Nature_Animals_Weather/510_rabbit_ex2.m4a
12_Nature_Animals_Weather,511,word,mouse,souris,12_Nature_Animals_Weather/511_mouse.m4a
12_Nature_Animals_Weather,511,sentence1,I saw a mouse in the kitchen.,J'ai vu une souris dans la cuisine.,12_Nature_Animals_Weather/511_mouse_ex1.m4a
12_Nature_Animals_Weather,511,sentence2,The mouse ran under the fridge.,La souris a couru sous le frigo.,12_Nature_Animals_Weather/511_mouse_ex2.m4a
12_Nature_Animals_Weather,512,word,lion,lion,12_Nature_Animals_Weather/512_lion.m4a
12_Nature_Animals_Weather,512,sentence1,The lion is the king of the jungle.,Le lion est le roi de la jungle.,12_Nature_Animals_Weather/512_lion_ex1.m4a
12_Nature_Animals_Weather,512,sentence2,We saw a lion at the zoo.,Nous avons vu un lion au zoo.,12_Nature_Animals_Weather/512_lion_ex2.m4a
12_Nature_Animals_Weather,513,word,tiger,tigre,12_Nature_Animals_Weather/513_tiger.m4a
12_Nature_Animals_Weather,513,sentence1,The tiger has beautiful orange stripes.,Le tigre a de belles rayures orange.,12_Nature_Animals_Weather/513_tiger_ex1.m4a
12_Nature_Animals_Weather,513,sentence2,We saw a tiger at the zoo.,Nous avons vu un tigre au zoo.,12_Nature_Animals_Weather/513_tiger_ex2.m4a
12_Nature_Animals_Weather,514,word,elephant,éléphant,12_Nature_Animals_Weather/514_elephant.m4a
12_Nature_Animals_Weather,514,sentence1,The elephant is the largest land animal.,L'éléphant est le plus grand animal terrestre.,12_Nature_Animals_Weather/514_elephant_ex1.m4a
12_Nature_Animals_Weather,514,sentence2,We saw elephants at the safari park.,Nous avons vu des éléphants au parc safari.,12_Nature_Animals_Weather/514_elephant_ex2.m4a
12_Nature_Animals_Weather,515,word,bear,ours,12_Nature_Animals_Weather/515_bear.m4a
12_Nature_Animals_Weather,515,sentence1,We saw a bear in the forest.,Nous avons vu un ours dans la forêt.,12_Nature_Animals_Weather/515_bear_ex1.m4a
12_Nature_Animals_Weather,515,sentence2,The bear caught a fish in the river.,L'ours a attrapé un poisson dans la rivière.,12_Nature_Animals_Weather/515_bear_ex2.m4a
12_Nature_Animals_Weather,516,word,wolf,loup,12_Nature_Animals_Weather/516_wolf.m4a
12_Nature_Animals_Weather,516,sentence1,We heard a wolf howling at night.,Nous avons entendu un loup hurler la nuit.,12_Nature_Animals_Weather/516_wolf_ex1.m4a
12_Nature_Animals_Weather,516,sentence2,The wolf hunted in a pack.,Le loup chassait en meute.,12_Nature_Animals_Weather/516_wolf_ex2.m4a
12_Nature_Animals_Weather,517,word,fox,renard,12_Nature_Animals_Weather/517_fox.m4a
12_Nature_Animals_Weather,517,sentence1,We saw a fox in the garden.,Nous avons vu un renard dans le jardin.,12_Nature_Animals_Weather/517_fox_ex1.m4a
12_Nature_Animals_Weather,517,sentence2,The fox is a clever animal.,Le renard est un animal rusé.,12_Nature_Animals_Weather/517_fox_ex2.m4a
12_Nature_Animals_Weather,518,word,monkey,singe,12_Nature_Animals_Weather/518_monkey.m4a
12_Nature_Animals_Weather,518,sentence1,We saw monkeys at the zoo.,Nous avons vu des singes au zoo.,12_Nature_Animals_Weather/518_monkey_ex1.m4a
12_Nature_Animals_Weather,518,sentence2,The monkey climbed the tree quickly.,Le singe a grimpé à l'arbre rapidement.,12_Nature_Animals_Weather/518_monkey_ex2.m4a
12_Nature_Animals_Weather,519,word,snake,serpent,12_Nature_Animals_Weather/519_snake.m4a
12_Nature_Animals_Weather,519,sentence1,We saw a snake in the grass.,Nous avons vu un serpent dans l'herbe.,12_Nature_Animals_Weather/519_snake_ex1.m4a
12_Nature_Animals_Weather,519,sentence2,This snake is very dangerous.,Ce serpent est très dangereux.,12_Nature_Animals_Weather/519_snake_ex2.m4a
12_Nature_Animals_Weather,520,word,butterfly,papillon,12_Nature_Animals_Weather/520_butterfly.m4a
12_Nature_Animals_Weather,520,sentence1,We saw a butterfly in the garden.,Nous avons vu un papillon dans le jardin.,12_Nature_Animals_Weather/520_butterfly_ex1.m4a
12_Nature_Animals_Weather,520,sentence2,This butterfly has beautiful colors.,Ce papillon a de belles couleurs.,12_Nature_Animals_Weather/520_butterfly_ex2.m4a
12_Nature_Animals_Weather,521,word,weather,temps (météo),12_Nature_Animals_Weather/521_weather.m4a
12_Nature_Animals_Weather,521,sentence1,The weather is beautiful today.,Le temps est magnifique aujourd'hui.,12_Nature_Animals_Weather/521_weather_ex1.m4a
12_Nature_Animals_Weather,521,sentence2,I checked the weather forecast.,J'ai vérifié les prévisions météo.,12_Nature_Animals_Weather/521_weather_ex2.m4a
12_Nature_Animals_Weather,522,word,rain,pluie,12_Nature_Animals_Weather/522_rain.m4a
12_Nature_Animals_Weather,522,sentence1,I love the sound of rain.,J'aime le bruit de la pluie.,12_Nature_Animals_Weather/522_rain_ex1.m4a
12_Nature_Animals_Weather,522,sentence2,The rain stopped after an hour.,La pluie s'est arrêtée après une heure.,12_Nature_Animals_Weather/522_rain_ex2.m4a
12_Nature_Animals_Weather,523,word,snow,neige,12_Nature_Animals_Weather/523_snow.m4a
12_Nature_Animals_Weather,523,sentence1,I love playing in the snow.,J'adore jouer dans la neige.,12_Nature_Animals_Weather/523_snow_ex1.m4a
12_Nature_Animals_Weather,523,sentence2,The snow fell all night.,La neige est tombée toute la nuit.,12_Nature_Animals_Weather/523_snow_ex2.m4a
12_Nature_Animals_Weather,524,word,wind,vent,12_Nature_Animals_Weather/524_wind.m4a
12_Nature_Animals_Weather,524,sentence1,The wind blew through the trees.,Le vent a soufflé à travers les arbres.,12_Nature_Animals_Weather/524_wind_ex1.m4a
12_Nature_Animals_Weather,524,sentence2,This wind is very strong.,Ce vent est très fort.,12_Nature_Animals_Weather/524_wind_ex2.m4a
12_Nature_Animals_Weather,525,word,sun,soleil,12_Nature_Animals_Weather/525_sun.m4a
12_Nature_Animals_Weather,525,sentence1,The sun is shining brightly.,Le soleil brille intensément.,12_Nature_Animals_Weather/525_sun_ex1.m4a
12_Nature_Animals_Weather,525,sentence2,We watched the sun set over the ocean.,Nous avons regardé le soleil se coucher sur l'océan.,12_Nature_Animals_Weather/525_sun_ex2.m4a
12_Nature_Animals_Weather,526,word,cloud,nuage,12_Nature_Animals_Weather/526_cloud.m4a
12_Nature_Animals_Weather,526,sentence1,I see a cloud in the shape of a heart.,Je vois un nuage en forme de cœur.,12_Nature_Animals_Weather/526_cloud_ex1.m4a
12_Nature_Animals_Weather,526,sentence2,The sky was full of clouds.,Le ciel était plein de nuages.,12_Nature_Animals_Weather/526_cloud_ex2.m4a
12_Nature_Animals_Weather,527,word,storm,tempête,12_Nature_Animals_Weather/527_storm.m4a
12_Nature_Animals_Weather,527,sentence1,A storm is coming tonight.,Une tempête arrive ce soir.,12_Nature_Animals_Weather/527_storm_ex1.m4a
12_Nature_Animals_Weather,527,sentence2,The storm destroyed many trees.,La tempête a détruit de nombreux arbres.,12_Nature_Animals_Weather/527_storm_ex2.m4a
12_Nature_Animals_Weather,528,word,sky,ciel,12_Nature_Animals_Weather/528_sky.m4a
12_Nature_Animals_Weather,528,sentence1,The sky is blue today.,Le ciel est bleu aujourd'hui.,12_Nature_Animals_Weather/528_sky_ex1.m4a
12_Nature_Animals_Weather,528,sentence2,We watched the stars in the night sky.,Nous avons regardé les étoiles dans le ciel nocturne.,12_Nature_Animals_Weather/528_sky_ex2.m4a
12_Nature_Animals_Weather,529,word,star,étoile,12_Nature_Animals_Weather/529_star.m4a
12_Nature_Animals_Weather,529,sentence1,I can see a star in the sky.,Je peux voir une étoile dans le ciel.,12_Nature_Animals_Weather/529_star_ex1.m4a
12_Nature_Animals_Weather,529,sentence2,We watched the stars all night.,Nous avons regardé les étoiles toute la nuit.,12_Nature_Animals_Weather/529_star_ex2.m4a
12_Nature_Animals_Weather,530,word,moon,lune,12_Nature_Animals_Weather/530_moon.m4a
12_Nature_Animals_Weather,530,sentence1,The moon is full tonight.,La lune est pleine ce soir.,12_Nature_Animals_Weather/530_moon_ex1.m4a
12_Nature_Animals_Weather,530,sentence2,We watched the moon rise over the mountains.,Nous avons regardé la lune se lever au-dessus des montagnes.,12_Nature_Animals_Weather/530_moon_ex2.m4a
12_Nature_Animals_Weather,531,word,fire,feu,12_Nature_Animals_Weather/531_fire.m4a
12_Nature_Animals_Weather,531,sentence1,We sat around the fire.,Nous étions assis autour du feu.,12_Nature_Animals_Weather/531_fire_ex1.m4a
12_Nature_Animals_Weather,531,sentence2,The fire kept us warm.,Le feu nous a tenus au chaud.,12_Nature_Animals_Weather/531_fire_ex2.m4a
12_Nature_Animals_Weather,532,word,ice,glace,12_Nature_Animals_Weather/532_ice.m4a
12_Nature_Animals_Weather,532,sentence1,I put ice in my drink.,J'ai mis de la glace dans ma boisson.,12_Nature_Animals_Weather/532_ice_ex1.m4a
12_Nature_Animals_Weather,532,sentence2,The lake froze into ice.,Le lac a gelé en glace.,12_Nature_Animals_Weather/532_ice_ex2.m4a
12_Nature_Animals_Weather,533,word,flower,fleur,12_Nature_Animals_Weather/533_flower.m4a
12_Nature_Animals_Weather,533,sentence1,I bought flowers for my mother.,J'ai acheté des fleurs pour ma mère.,12_Nature_Animals_Weather/533_flower_ex1.m4a
12_Nature_Animals_Weather,533,sentence2,This flower smells wonderful.,Cette fleur sent merveilleusement bon.,12_Nature_Animals_Weather/533_flower_ex2.m4a
12_Nature_Animals_Weather,534,word,tree,arbre,12_Nature_Animals_Weather/534_tree.m4a
12_Nature_Animals_Weather,534,sentence1,We sat under a tree.,Nous étions assis sous un arbre.,12_Nature_Animals_Weather/534_tree_ex1.m4a
12_Nature_Animals_Weather,534,sentence2,This tree is very old.,Cet arbre est très vieux.,12_Nature_Animals_Weather/534_tree_ex2.m4a
12_Nature_Animals_Weather,735,word,ocean,océan,12_Nature_Animals_Weather/735_ocean.m4a
12_Nature_Animals_Weather,735,sentence1,We swam in the ocean.,Nous avons nagé dans l'océan.,12_Nature_Animals_Weather/735_ocean_ex1.m4a
12_Nature_Animals_Weather,735,sentence2,The ocean was very calm today.,L'océan était très calme aujourd'hui.,12_Nature_Animals_Weather/735_ocean_ex2.m4a
12_Nature_Animals_Weather,736,word,desert,désert,12_Nature_Animals_Weather/736_desert.m4a
12_Nature_Animals_Weather,736,sentence1,We traveled through the desert.,Nous avons traversé le désert.,12_Nature_Animals_Weather/736_desert_ex1.m4a
12_Nature_Animals_Weather,736,sentence2,The desert is very hot during the day.,Le désert est très chaud pendant la journée.,12_Nature_Animals_Weather/736_desert_ex2.m4a
12_Nature_Animals_Weather,737,word,valley,vallée,12_Nature_Animals_Weather/737_valley.m4a
12_Nature_Animals_Weather,737,sentence1,We hiked through the valley.,Nous avons randonné à travers la vallée.,12_Nature_Animals_Weather/737_valley_ex1.m4a
12_Nature_Animals_Weather,737,sentence2,The valley is very green in spring.,La vallée est très verte au printemps.,12_Nature_Animals_Weather/737_valley_ex2.m4a
12_Nature_Animals_Weather,738,word,waterfall,cascade,12_Nature_Animals_Weather/738_waterfall.m4a
12_Nature_Animals_Weather,738,sentence1,We hiked to see the waterfall.,Nous avons randonné pour voir la cascade.,12_Nature_Animals_Weather/738_waterfall_ex1.m4a
12_Nature_Animals_Weather,738,sentence2,The waterfall was very powerful.,La cascade était très puissante.,12_Nature_Animals_Weather/738_waterfall_ex2.m4a
12_Nature_Animals_Weather,739,word,sand,sable,12_Nature_Animals_Weather/739_sand.m4a
12_Nature_Animals_Weather,739,sentence1,We played in the sand.,Nous avons joué dans le sable.,12_Nature_Animals_Weather/739_sand_ex1.m4a
12_Nature_Animals_Weather,739,sentence2,The sand was very hot today.,Le sable était très chaud aujourd'hui.,12_Nature_Animals_Weather/739_sand_ex2.m4a
12_Nature_Animals_Weather,740,word,rock,rocher,12_Nature_Animals_Weather/740_rock.m4a
12_Nature_Animals_Weather,740,sentence1,We climbed over the rocks.,Nous avons grimpé sur les rochers.,12_Nature_Animals_Weather/740_rock_ex1.m4a
12_Nature_Animals_Weather,740,sentence2,This rock is very large.,Ce rocher est très grand.,12_Nature_Animals_Weather/740_rock_ex2.m4a
12_Nature_Animals_Weather,741,word,cave,grotte,12_Nature_Animals_Weather/741_cave.m4a
12_Nature_Animals_Weather,741,sentence1,We explored the cave together.,Nous avons exploré la grotte ensemble.,12_Nature_Animals_Weather/741_cave_ex1.m4a
12_Nature_Animals_Weather,741,sentence2,This cave is very dark inside.,Cette grotte est très sombre à l'intérieur.,12_Nature_Animals_Weather/741_cave_ex2.m4a
12_Nature_Animals_Weather,742,word,hill,colline,12_Nature_Animals_Weather/742_hill.m4a
12_Nature_Animals_Weather,742,sentence1,We climbed the hill together.,Nous avons gravi la colline ensemble.,12_Nature_Animals_Weather/742_hill_ex1.m4a
12_Nature_Animals_Weather,742,sentence2,This hill offers a beautiful view.,Cette colline offre une belle vue.,12_Nature_Animals_Weather/742_hill_ex2.m4a
12_Nature_Animals_Weather,743,word,plant,plante,12_Nature_Animals_Weather/743_plant.m4a
12_Nature_Animals_Weather,743,sentence1,I water my plants every morning.,J'arrose mes plantes tous les matins.,12_Nature_Animals_Weather/743_plant_ex1.m4a
12_Nature_Animals_Weather,743,sentence2,This plant needs a lot of sunlight.,Cette plante a besoin de beaucoup de soleil.,12_Nature_Animals_Weather/743_plant_ex2.m4a
12_Nature_Animals_Weather,744,word,seed,graine,12_Nature_Animals_Weather/744_seed.m4a
12_Nature_Animals_Weather,744,sentence1,I planted the seeds in spring.,J'ai planté les graines au printemps.,12_Nature_Animals_Weather/744_seed_ex1.m4a
12_Nature_Animals_Weather,744,sentence2,This seed will grow into a tree.,Cette graine deviendra un arbre.,12_Nature_Animals_Weather/744_seed_ex2.m4a
12_Nature_Animals_Weather,745,word,leaf,feuille,12_Nature_Animals_Weather/745_leaf.m4a
12_Nature_Animals_Weather,745,sentence1,The leaf fell from the tree.,La feuille est tombée de l'arbre.,12_Nature_Animals_Weather/745_leaf_ex1.m4a
12_Nature_Animals_Weather,745,sentence2,This leaf is very green.,Cette feuille est très verte.,12_Nature_Animals_Weather/745_leaf_ex2.m4a
12_Nature_Animals_Weather,746,word,branch,branche,12_Nature_Animals_Weather/746_branch.m4a
12_Nature_Animals_Weather,746,sentence1,The bird sat on the branch.,L'oiseau était posé sur la branche.,12_Nature_Animals_Weather/746_branch_ex1.m4a
12_Nature_Animals_Weather,746,sentence2,This branch is very strong.,Cette branche est très solide.,12_Nature_Animals_Weather/746_branch_ex2.m4a
12_Nature_Animals_Weather,747,word,nest,nid,12_Nature_Animals_Weather/747_nest.m4a
12_Nature_Animals_Weather,747,sentence1,The bird built a nest in the tree.,L'oiseau a construit un nid dans l'arbre.,12_Nature_Animals_Weather/747_nest_ex1.m4a
12_Nature_Animals_Weather,747,sentence2,This nest is very small.,Ce nid est très petit.,12_Nature_Animals_Weather/747_nest_ex2.m4a
12_Nature_Animals_Weather,748,word,wing,aile,12_Nature_Animals_Weather/748_wing.m4a
12_Nature_Animals_Weather,748,sentence1,The bird flapped its wings.,L'oiseau a battu des ailes.,12_Nature_Animals_Weather/748_wing_ex1.m4a
12_Nature_Animals_Weather,748,sentence2,This wing was injured in the fall.,Cette aile a été blessée dans la chute.,12_Nature_Animals_Weather/748_wing_ex2.m4a
12_Nature_Animals_Weather,749,word,fur,fourrure,12_Nature_Animals_Weather/749_fur.m4a
12_Nature_Animals_Weather,749,sentence1,The cat's fur is very soft.,La fourrure du chat est très douce.,12_Nature_Animals_Weather/749_fur_ex1.m4a
12_Nature_Animals_Weather,749,sentence2,This fur keeps the animal warm.,Cette fourrure garde l'animal au chaud.,12_Nature_Animals_Weather/749_fur_ex2.m4a
12_Nature_Animals_Weather,750,word,tail,queue,12_Nature_Animals_Weather/750_tail.m4a
12_Nature_Animals_Weather,750,sentence1,The dog wagged its tail happily.,Le chien remuait la queue joyeusement.,12_Nature_Animals_Weather/750_tail_ex1.m4a
12_Nature_Animals_Weather,750,sentence2,This tail is very long.,Cette queue est très longue.,12_Nature_Animals_Weather/750_tail_ex2.m4a
13_Work_School_Materials,633,word,lesson,leçon,13_Work_School_Materials/633_lesson.m4a
13_Work_School_Materials,633,sentence1,I learned an important lesson today.,J'ai appris une leçon importante aujourd'hui.,13_Work_School_Materials/633_lesson_ex1.m4a
13_Work_School_Materials,633,sentence2,This lesson was very clear.,Cette leçon était très claire.,13_Work_School_Materials/633_lesson_ex2.m4a
13_Work_School_Materials,634,word,exam,examen,13_Work_School_Materials/634_exam.m4a
13_Work_School_Materials,634,sentence1,I studied hard for the exam.,J'ai beaucoup étudié pour l'examen.,13_Work_School_Materials/634_exam_ex1.m4a
13_Work_School_Materials,634,sentence2,This exam was very difficult.,Cet examen était très difficile.,13_Work_School_Materials/634_exam_ex2.m4a
13_Work_School_Materials,635,word,grade,note,13_Work_School_Materials/635_grade.m4a
13_Work_School_Materials,635,sentence1,I got a good grade on my test.,J'ai eu une bonne note à mon test.,13_Work_School_Materials/635_grade_ex1.m4a
13_Work_School_Materials,635,sentence2,This grade reflects a lot of hard work.,Cette note reflète beaucoup de travail acharné.,13_Work_School_Materials/635_grade_ex2.m4a
13_Work_School_Materials,636,word,homework,devoirs,13_Work_School_Materials/636_homework.m4a
13_Work_School_Materials,636,sentence1,I finished my homework early.,J'ai fini mes devoirs tôt.,13_Work_School_Materials/636_homework_ex1.m4a
13_Work_School_Materials,636,sentence2,This homework is very difficult.,Ces devoirs sont très difficiles.,13_Work_School_Materials/636_homework_ex2.m4a
13_Work_School_Materials,637,word,classroom,salle de classe,13_Work_School_Materials/637_classroom.m4a
13_Work_School_Materials,637,sentence1,The classroom was very quiet.,La salle de classe était très calme.,13_Work_School_Materials/637_classroom_ex1.m4a
13_Work_School_Materials,637,sentence2,This classroom has thirty students.,Cette salle de classe compte trente élèves.,13_Work_School_Materials/637_classroom_ex2.m4a
13_Work_School_Materials,638,word,notebook,cahier,13_Work_School_Materials/638_notebook.m4a
13_Work_School_Materials,638,sentence1,I write my notes in a notebook.,J'écris mes notes dans un cahier.,13_Work_School_Materials/638_notebook_ex1.m4a
13_Work_School_Materials,638,sentence2,This notebook is almost full.,Ce cahier est presque plein.,13_Work_School_Materials/638_notebook_ex2.m4a
13_Work_School_Materials,639,word,pencil,crayon,13_Work_School_Materials/639_pencil.m4a
13_Work_School_Materials,639,sentence1,I write with a pencil.,J'écris avec un crayon.,13_Work_School_Materials/639_pencil_ex1.m4a
13_Work_School_Materials,639,sentence2,This pencil needs sharpening.,Ce crayon a besoin d'être taillé.,13_Work_School_Materials/639_pencil_ex2.m4a
13_Work_School_Materials,640,word,eraser,gomme,13_Work_School_Materials/640_eraser.m4a
13_Work_School_Materials,640,sentence1,I used an eraser to fix my mistake.,J'ai utilisé une gomme pour corriger mon erreur.,13_Work_School_Materials/640_eraser_ex1.m4a
13_Work_School_Materials,640,sentence2,This eraser works very well.,Cette gomme fonctionne très bien.,13_Work_School_Materials/640_eraser_ex2.m4a
13_Work_School_Materials,641,word,diploma,diplôme,13_Work_School_Materials/641_diploma.m4a
13_Work_School_Materials,641,sentence1,I received my diploma last year.,J'ai reçu mon diplôme l'année dernière.,13_Work_School_Materials/641_diploma_ex1.m4a
13_Work_School_Materials,641,sentence2,This diploma took years of hard work.,Ce diplôme a demandé des années de travail acharné.,13_Work_School_Materials/641_diploma_ex2.m4a
13_Work_School_Materials,642,word,scholarship,bourse d'études,13_Work_School_Materials/642_scholarship.m4a
13_Work_School_Materials,642,sentence1,I received a scholarship for university.,J'ai reçu une bourse d'études pour l'université.,13_Work_School_Materials/642_scholarship_ex1.m4a
13_Work_School_Materials,642,sentence2,This scholarship covers all tuition fees.,Cette bourse couvre tous les frais de scolarité.,13_Work_School_Materials/642_scholarship_ex2.m4a
13_Work_School_Materials,689,word,artist,artiste,13_Work_School_Materials/689_artist.m4a
13_Work_School_Materials,689,sentence1,She is a talented artist.,C'est une artiste talentueuse.,13_Work_School_Materials/689_artist_ex1.m4a
13_Work_School_Materials,689,sentence2,This artist painted the mural downtown.,Cet artiste a peint la fresque au centre-ville.,13_Work_School_Materials/689_artist_ex2.m4a
13_Work_School_Materials,690,word,musician,musicien,13_Work_School_Materials/690_musician.m4a
13_Work_School_Materials,690,sentence1,He is a talented musician.,C'est un musicien talentueux.,13_Work_School_Materials/690_musician_ex1.m4a
13_Work_School_Materials,690,sentence2,This musician plays the violin beautifully.,Ce musicien joue magnifiquement du violon.,13_Work_School_Materials/690_musician_ex2.m4a
13_Work_School_Materials,691,word,writer,écrivain,13_Work_School_Materials/691_writer.m4a
13_Work_School_Materials,691,sentence1,She is a talented writer.,C'est une écrivaine talentueuse.,13_Work_School_Materials/691_writer_ex1.m4a
13_Work_School_Materials,691,sentence2,This writer published a new novel.,Cet écrivain a publié un nouveau roman.,13_Work_School_Materials/691_writer_ex2.m4a
13_Work_School_Materials,692,word,actor,acteur,13_Work_School_Materials/692_actor.m4a
13_Work_School_Materials,692,sentence1,He is a talented actor.,C'est un acteur talentueux.,13_Work_School_Materials/692_actor_ex1.m4a
13_Work_School_Materials,692,sentence2,This actor starred in many films.,Cet acteur a joué dans de nombreux films.,13_Work_School_Materials/692_actor_ex2.m4a
13_Work_School_Materials,693,word,scientist,scientifique,13_Work_School_Materials/693_scientist.m4a
13_Work_School_Materials,693,sentence1,She is a talented scientist.,C'est une scientifique talentueuse.,13_Work_School_Materials/693_scientist_ex1.m4a
13_Work_School_Materials,693,sentence2,This scientist discovered a new species.,Ce scientifique a découvert une nouvelle espèce.,13_Work_School_Materials/693_scientist_ex2.m4a
13_Work_School_Materials,694,word,farmer,fermier,13_Work_School_Materials/694_farmer.m4a
13_Work_School_Materials,694,sentence1,He is a hard-working farmer.,C'est un fermier travailleur.,13_Work_School_Materials/694_farmer_ex1.m4a
13_Work_School_Materials,694,sentence2,This farmer grows organic vegetables.,Ce fermier cultive des légumes biologiques.,13_Work_School_Materials/694_farmer_ex2.m4a
13_Work_School_Materials,695,word,soldier,soldat,13_Work_School_Materials/695_soldier.m4a
13_Work_School_Materials,695,sentence1,He is a brave soldier.,C'est un soldat courageux.,13_Work_School_Materials/695_soldier_ex1.m4a
13_Work_School_Materials,695,sentence2,This soldier served in the war.,Ce soldat a servi pendant la guerre.,13_Work_School_Materials/695_soldier_ex2.m4a
13_Work_School_Materials,696,word,pilot,pilote,13_Work_School_Materials/696_pilot.m4a
13_Work_School_Materials,696,sentence1,She is a skilled pilot.,C'est une pilote habile.,13_Work_School_Materials/696_pilot_ex1.m4a
13_Work_School_Materials,696,sentence2,This pilot flies international routes.,Ce pilote effectue des vols internationaux.,13_Work_School_Materials/696_pilot_ex2.m4a
13_Work_School_Materials,697,word,chef,chef cuisinier,13_Work_School_Materials/697_chef.m4a
13_Work_School_Materials,697,sentence1,He is a talented chef.,C'est un chef cuisinier talentueux.,13_Work_School_Materials/697_chef_ex1.m4a
13_Work_School_Materials,697,sentence2,This chef created a new recipe.,Ce chef a créé une nouvelle recette.,13_Work_School_Materials/697_chef_ex2.m4a
13_Work_School_Materials,698,word,athlete,athlète,13_Work_School_Materials/698_athlete.m4a
13_Work_School_Materials,698,sentence1,She is a talented athlete.,C'est une athlète talentueuse.,13_Work_School_Materials/698_athlete_ex1.m4a
13_Work_School_Materials,698,sentence2,This athlete won a gold medal.,Cet athlète a remporté une médaille d'or.,13_Work_School_Materials/698_athlete_ex2.m4a
13_Work_School_Materials,699,word,wood,bois,13_Work_School_Materials/699_wood.m4a
13_Work_School_Materials,699,sentence1,This table is made of wood.,Cette table est en bois.,13_Work_School_Materials/699_wood_ex1.m4a
13_Work_School_Materials,699,sentence2,We collected wood for the fire.,Nous avons ramassé du bois pour le feu.,13_Work_School_Materials/699_wood_ex2.m4a
13_Work_School_Materials,700,word,metal,métal,13_Work_School_Materials/700_metal.m4a
13_Work_School_Materials,700,sentence1,This gate is made of metal.,Cette grille est en métal.,13_Work_School_Materials/700_metal_ex1.m4a
13_Work_School_Materials,700,sentence2,We bought a metal table for the garden.,Nous avons acheté une table en métal pour le jardin.,13_Work_School_Materials/700_metal_ex2.m4a
13_Work_School_Materials,701,word,plastic,plastique,13_Work_School_Materials/701_plastic.m4a
13_Work_School_Materials,701,sentence1,This bottle is made of plastic.,Cette bouteille est en plastique.,13_Work_School_Materials/701_plastic_ex1.m4a
13_Work_School_Materials,701,sentence2,We should reduce our use of plastic.,Nous devrions réduire notre utilisation du plastique.,13_Work_School_Materials/701_plastic_ex2.m4a
13_Work_School_Materials,702,word,glass,verre,13_Work_School_Materials/702_glass.m4a
13_Work_School_Materials,702,sentence1,This window is made of glass.,Cette fenêtre est en verre.,13_Work_School_Materials/702_glass_ex1.m4a
13_Work_School_Materials,702,sentence2,I drank water from a glass.,J'ai bu de l'eau dans un verre.,13_Work_School_Materials/702_glass_ex2.m4a
13_Work_School_Materials,703,word,stone,pierre,13_Work_School_Materials/703_stone.m4a
13_Work_School_Materials,703,sentence1,This wall is made of stone.,Ce mur est en pierre.,13_Work_School_Materials/703_stone_ex1.m4a
13_Work_School_Materials,703,sentence2,We found a beautiful stone on the beach.,Nous avons trouvé une belle pierre sur la plage.,13_Work_School_Materials/703_stone_ex2.m4a
13_Work_School_Materials,704,word,cotton,coton,13_Work_School_Materials/704_cotton.m4a
13_Work_School_Materials,704,sentence1,This shirt is made of cotton.,Cette chemise est en coton.,13_Work_School_Materials/704_cotton_ex1.m4a
13_Work_School_Materials,704,sentence2,We bought cotton sheets for the bed.,Nous avons acheté des draps en coton pour le lit.,13_Work_School_Materials/704_cotton_ex2.m4a
13_Work_School_Materials,705,word,hammer,marteau,13_Work_School_Materials/705_hammer.m4a
13_Work_School_Materials,705,sentence1,I used a hammer to fix the shelf.,J'ai utilisé un marteau pour réparer l'étagère.,13_Work_School_Materials/705_hammer_ex1.m4a
13_Work_School_Materials,705,sentence2,This hammer is very heavy.,Ce marteau est très lourd.,13_Work_School_Materials/705_hammer_ex2.m4a
13_Work_School_Materials,706,word,knife,couteau,13_Work_School_Materials/706_knife.m4a
13_Work_School_Materials,706,sentence1,I used a knife to cut the bread.,J'ai utilisé un couteau pour couper le pain.,13_Work_School_Materials/706_knife_ex1.m4a
13_Work_School_Materials,706,sentence2,This knife is very sharp.,Ce couteau est très tranchant.,13_Work_School_Materials/706_knife_ex2.m4a
13_Work_School_Materials,707,word,scissors,ciseaux,13_Work_School_Materials/707_scissors.m4a
13_Work_School_Materials,707,sentence1,I used scissors to cut the paper.,J'ai utilisé des ciseaux pour couper le papier.,13_Work_School_Materials/707_scissors_ex1.m4a
13_Work_School_Materials,707,sentence2,These scissors are very sharp.,Ces ciseaux sont très tranchants.,13_Work_School_Materials/707_scissors_ex2.m4a
13_Work_School_Materials,708,word,needle,aiguille,13_Work_School_Materials/708_needle.m4a
13_Work_School_Materials,708,sentence1,I used a needle to sew the button.,J'ai utilisé une aiguille pour coudre le bouton.,13_Work_School_Materials/708_needle_ex1.m4a
13_Work_School_Materials,708,sentence2,This needle is very sharp.,Cette aiguille est très pointue.,13_Work_School_Materials/708_needle_ex2.m4a
14_Sports_Arts_Entertainment,587,word,sport,sport,14_Sports_Arts_Entertainment/587_sport.m4a
14_Sports_Arts_Entertainment,587,sentence1,I love playing sport.,J'adore pratiquer un sport.,14_Sports_Arts_Entertainment/587_sport_ex1.m4a
14_Sports_Arts_Entertainment,587,sentence2,She is very good at sport.,Elle est très douée en sport.,14_Sports_Arts_Entertainment/587_sport_ex2.m4a
14_Sports_Arts_Entertainment,588,word,football,football,14_Sports_Arts_Entertainment/588_football.m4a
14_Sports_Arts_Entertainment,588,sentence1,I love watching football.,J'adore regarder le football.,14_Sports_Arts_Entertainment/588_football_ex1.m4a
14_Sports_Arts_Entertainment,588,sentence2,She plays football every weekend.,Elle joue au football tous les week-ends.,14_Sports_Arts_Entertainment/588_football_ex2.m4a
14_Sports_Arts_Entertainment,589,word,basketball,basketball,14_Sports_Arts_Entertainment/589_basketball.m4a
14_Sports_Arts_Entertainment,589,sentence1,I love playing basketball.,J'adore jouer au basketball.,14_Sports_Arts_Entertainment/589_basketball_ex1.m4a
14_Sports_Arts_Entertainment,589,sentence2,She plays basketball every weekend.,Elle joue au basketball tous les week-ends.,14_Sports_Arts_Entertainment/589_basketball_ex2.m4a
14_Sports_Arts_Entertainment,590,word,tennis,tennis,14_Sports_Arts_Entertainment/590_tennis.m4a
14_Sports_Arts_Entertainment,590,sentence1,I love playing tennis.,J'adore jouer au tennis.,14_Sports_Arts_Entertainment/590_tennis_ex1.m4a
14_Sports_Arts_Entertainment,590,sentence2,She plays tennis every weekend.,Elle joue au tennis tous les week-ends.,14_Sports_Arts_Entertainment/590_tennis_ex2.m4a
14_Sports_Arts_Entertainment,591,word,hiking,randonnée,14_Sports_Arts_Entertainment/591_hiking.m4a
14_Sports_Arts_Entertainment,591,sentence1,I love hiking in the mountains.,J'adore faire de la randonnée en montagne.,14_Sports_Arts_Entertainment/591_hiking_ex1.m4a
14_Sports_Arts_Entertainment,591,sentence2,She goes hiking every weekend.,Elle fait de la randonnée tous les week-ends.,14_Sports_Arts_Entertainment/591_hiking_ex2.m4a
14_Sports_Arts_Entertainment,592,word,painting,peinture,14_Sports_Arts_Entertainment/592_painting.m4a
14_Sports_Arts_Entertainment,592,sentence1,I love painting landscapes.,J'adore peindre des paysages.,14_Sports_Arts_Entertainment/592_painting_ex1.m4a
14_Sports_Arts_Entertainment,592,sentence2,She practices painting every weekend.,Elle pratique la peinture tous les week-ends.,14_Sports_Arts_Entertainment/592_painting_ex2.m4a
14_Sports_Arts_Entertainment,593,word,photography,photographie,14_Sports_Arts_Entertainment/593_photography.m4a
14_Sports_Arts_Entertainment,593,sentence1,I love photography.,J'adore la photographie.,14_Sports_Arts_Entertainment/593_photography_ex1.m4a
14_Sports_Arts_Entertainment,593,sentence2,She practices photography every weekend.,Elle pratique la photographie tous les week-ends.,14_Sports_Arts_Entertainment/593_photography_ex2.m4a
14_Sports_Arts_Entertainment,594,word,gardening,jardinage,14_Sports_Arts_Entertainment/594_gardening.m4a
14_Sports_Arts_Entertainment,594,sentence1,I love gardening on weekends.,J'adore jardiner le week-end.,14_Sports_Arts_Entertainment/594_gardening_ex1.m4a
14_Sports_Arts_Entertainment,594,sentence2,She practices gardening every spring.,Elle pratique le jardinage chaque printemps.,14_Sports_Arts_Entertainment/594_gardening_ex2.m4a
14_Sports_Arts_Entertainment,595,word,fishing,pêche,14_Sports_Arts_Entertainment/595_fishing.m4a
14_Sports_Arts_Entertainment,595,sentence1,I love fishing on weekends.,J'adore aller à la pêche le week-end.,14_Sports_Arts_Entertainment/595_fishing_ex1.m4a
14_Sports_Arts_Entertainment,595,sentence2,She goes fishing every summer.,Elle va à la pêche chaque été.,14_Sports_Arts_Entertainment/595_fishing_ex2.m4a
14_Sports_Arts_Entertainment,596,word,camping,camping,14_Sports_Arts_Entertainment/596_camping.m4a
14_Sports_Arts_Entertainment,596,sentence1,I love camping in the mountains.,J'adore faire du camping en montagne.,14_Sports_Arts_Entertainment/596_camping_ex1.m4a
14_Sports_Arts_Entertainment,596,sentence2,She goes camping every summer.,Elle fait du camping chaque été.,14_Sports_Arts_Entertainment/596_camping_ex2.m4a
14_Sports_Arts_Entertainment,597,word,yoga,yoga,14_Sports_Arts_Entertainment/597_yoga.m4a
14_Sports_Arts_Entertainment,597,sentence1,I love practicing yoga in the morning.,J'adore pratiquer le yoga le matin.,14_Sports_Arts_Entertainment/597_yoga_ex1.m4a
14_Sports_Arts_Entertainment,597,sentence2,She does yoga every day.,Elle fait du yoga tous les jours.,14_Sports_Arts_Entertainment/597_yoga_ex2.m4a
14_Sports_Arts_Entertainment,598,word,chess,échecs,14_Sports_Arts_Entertainment/598_chess.m4a
14_Sports_Arts_Entertainment,598,sentence1,I love playing chess.,J'adore jouer aux échecs.,14_Sports_Arts_Entertainment/598_chess_ex1.m4a
14_Sports_Arts_Entertainment,598,sentence2,She plays chess every weekend.,Elle joue aux échecs tous les week-ends.,14_Sports_Arts_Entertainment/598_chess_ex2.m4a
14_Sports_Arts_Entertainment,727,word,art,art,14_Sports_Arts_Entertainment/727_art.m4a
14_Sports_Arts_Entertainment,727,sentence1,I love modern art.,J'adore l'art moderne.,14_Sports_Arts_Entertainment/727_art_ex1.m4a
14_Sports_Arts_Entertainment,727,sentence2,This museum has a great art collection.,Ce musée a une superbe collection d'art.,14_Sports_Arts_Entertainment/727_art_ex2.m4a
14_Sports_Arts_Entertainment,728,word,song,chanson,14_Sports_Arts_Entertainment/728_song.m4a
14_Sports_Arts_Entertainment,728,sentence1,I love this song.,J'adore cette chanson.,14_Sports_Arts_Entertainment/728_song_ex1.m4a
14_Sports_Arts_Entertainment,728,sentence2,She sang a beautiful song.,Elle a chanté une belle chanson.,14_Sports_Arts_Entertainment/728_song_ex2.m4a
14_Sports_Arts_Entertainment,729,word,dance,danse,14_Sports_Arts_Entertainment/729_dance.m4a
14_Sports_Arts_Entertainment,729,sentence1,I love this dance.,J'adore cette danse.,14_Sports_Arts_Entertainment/729_dance_ex1.m4a
14_Sports_Arts_Entertainment,729,sentence2,She performed a beautiful dance.,Elle a exécuté une belle danse.,14_Sports_Arts_Entertainment/729_dance_ex2.m4a
14_Sports_Arts_Entertainment,730,word,theater,théâtre,14_Sports_Arts_Entertainment/730_theater.m4a
14_Sports_Arts_Entertainment,730,sentence1,We went to the theater last night.,Nous sommes allés au théâtre hier soir.,14_Sports_Arts_Entertainment/730_theater_ex1.m4a
14_Sports_Arts_Entertainment,730,sentence2,This theater shows classic plays.,Ce théâtre présente des pièces classiques.,14_Sports_Arts_Entertainment/730_theater_ex2.m4a
14_Sports_Arts_Entertainment,731,word,concert,concert,14_Sports_Arts_Entertainment/731_concert.m4a
14_Sports_Arts_Entertainment,731,sentence1,We went to a concert last night.,Nous sommes allés à un concert hier soir.,14_Sports_Arts_Entertainment/731_concert_ex1.m4a
14_Sports_Arts_Entertainment,731,sentence2,This concert was amazing.,Ce concert était incroyable.,14_Sports_Arts_Entertainment/731_concert_ex2.m4a
14_Sports_Arts_Entertainment,732,word,festival,festival,14_Sports_Arts_Entertainment/732_festival.m4a
14_Sports_Arts_Entertainment,732,sentence1,We attended a music festival last summer.,Nous avons assisté à un festival de musique l'été dernier.,14_Sports_Arts_Entertainment/732_festival_ex1.m4a
14_Sports_Arts_Entertainment,732,sentence2,This festival happens every year.,Ce festival a lieu chaque année.,14_Sports_Arts_Entertainment/732_festival_ex2.m4a
14_Sports_Arts_Entertainment,733,word,exhibition,exposition,14_Sports_Arts_Entertainment/733_exhibition.m4a
14_Sports_Arts_Entertainment,733,sentence1,We visited an art exhibition yesterday.,Nous avons visité une exposition d'art hier.,14_Sports_Arts_Entertainment/733_exhibition_ex1.m4a
14_Sports_Arts_Entertainment,733,sentence2,This exhibition features modern paintings.,Cette exposition présente des peintures modernes.,14_Sports_Arts_Entertainment/733_exhibition_ex2.m4a
14_Sports_Arts_Entertainment,734,word,poem,poème,14_Sports_Arts_Entertainment/734_poem.m4a
14_Sports_Arts_Entertainment,734,sentence1,She wrote a beautiful poem.,Elle a écrit un beau poème.,14_Sports_Arts_Entertainment/734_poem_ex1.m4a
14_Sports_Arts_Entertainment,734,sentence2,I read this poem every year.,Je lis ce poème chaque année.,14_Sports_Arts_Entertainment/734_poem_ex2.m4a
15_Expressions_Adverbs,709,word,maybe,peut-être,15_Expressions_Adverbs/709_maybe.m4a
15_Expressions_Adverbs,709,sentence1,Maybe we should leave now.,Peut-être devrions-nous partir maintenant.,15_Expressions_Adverbs/709_maybe_ex1.m4a
15_Expressions_Adverbs,709,sentence2,She said maybe she would come.,Elle a dit que peut-être elle viendrait.,15_Expressions_Adverbs/709_maybe_ex2.m4a
15_Expressions_Adverbs,710,word,probably,probablement,15_Expressions_Adverbs/710_probably.m4a
15_Expressions_Adverbs,710,sentence1,She is probably at home now.,Elle est probablement à la maison maintenant.,15_Expressions_Adverbs/710_probably_ex1.m4a
15_Expressions_Adverbs,710,sentence2,I will probably finish tomorrow.,Je finirai probablement demain.,15_Expressions_Adverbs/710_probably_ex2.m4a
15_Expressions_Adverbs,711,word,certainly,certainement,15_Expressions_Adverbs/711_certainly.m4a
15_Expressions_Adverbs,711,sentence1,I will certainly help you.,Je t'aiderai certainement.,15_Expressions_Adverbs/711_certainly_ex1.m4a
15_Expressions_Adverbs,711,sentence2,This is certainly the right choice.,C'est certainement le bon choix.,15_Expressions_Adverbs/711_certainly_ex2.m4a
15_Expressions_Adverbs,712,word,actually,en fait,15_Expressions_Adverbs/712_actually.m4a
15_Expressions_Adverbs,712,sentence1,"Actually, I think you're right.","En fait, je pense que tu as raison.",15_Expressions_Adverbs/712_actually_ex1.m4a
15_Expressions_Adverbs,712,sentence2,She actually liked the movie.,"En fait, elle a aimé le film.",15_Expressions_Adverbs/712_actually_ex2.m4a
15_Expressions_Adverbs,713,word,finally,finalement,15_Expressions_Adverbs/713_finally.m4a
15_Expressions_Adverbs,713,sentence1,We finally arrived home.,Nous sommes finalement arrivés à la maison.,15_Expressions_Adverbs/713_finally_ex1.m4a
15_Expressions_Adverbs,713,sentence2,She finally finished her project.,Elle a finalement fini son projet.,15_Expressions_Adverbs/713_finally_ex2.m4a
15_Expressions_Adverbs,714,word,suddenly,soudainement,15_Expressions_Adverbs/714_suddenly.m4a
15_Expressions_Adverbs,714,sentence1,"Suddenly, it started to rain.","Soudainement, il a commencé à pleuvoir.",15_Expressions_Adverbs/714_suddenly_ex1.m4a
15_Expressions_Adverbs,714,sentence2,She suddenly remembered the appointment.,Elle s'est soudainement souvenue du rendez-vous.,15_Expressions_Adverbs/714_suddenly_ex2.m4a
15_Expressions_Adverbs,715,word,carefully,avec précaution,15_Expressions_Adverbs/715_carefully.m4a
15_Expressions_Adverbs,715,sentence1,She drove carefully in the snow.,Elle a conduit avec précaution dans la neige.,15_Expressions_Adverbs/715_carefully_ex1.m4a
15_Expressions_Adverbs,715,sentence2,I read the instructions carefully.,J'ai lu les instructions avec attention.,15_Expressions_Adverbs/715_carefully_ex2.m4a
15_Expressions_Adverbs,716,word,especially,surtout,15_Expressions_Adverbs/716_especially.m4a
15_Expressions_Adverbs,716,sentence1,"I love this city, especially in autumn.","J'aime cette ville, surtout en automne.",15_Expressions_Adverbs/716_especially_ex1.m4a
15_Expressions_Adverbs,716,sentence2,She is especially talented at painting.,Elle est particulièrement douée pour la peinture.,15_Expressions_Adverbs/716_especially_ex2.m4a
15_Expressions_Adverbs,717,word,exactly,exactement,15_Expressions_Adverbs/717_exactly.m4a
15_Expressions_Adverbs,717,sentence1,This is exactly what I wanted.,C'est exactement ce que je voulais.,15_Expressions_Adverbs/717_exactly_ex1.m4a
15_Expressions_Adverbs,717,sentence2,She arrived exactly on time.,Elle est arrivée exactement à l'heure.,15_Expressions_Adverbs/717_exactly_ex2.m4a
15_Expressions_Adverbs,718,word,immediately,immédiatement,15_Expressions_Adverbs/718_immediately.m4a
15_Expressions_Adverbs,718,sentence1,Please come immediately.,"Viens immédiatement, s'il te plaît.",15_Expressions_Adverbs/718_immediately_ex1.m4a
15_Expressions_Adverbs,718,sentence2,She left immediately after the call.,Elle est partie immédiatement après l'appel.,15_Expressions_Adverbs/718_immediately_ex2.m4a
15_Expressions_Adverbs,777,word,enough,assez,15_Expressions_Adverbs/777_enough.m4a
15_Expressions_Adverbs,777,sentence1,I have enough money for the trip.,J'ai assez d'argent pour le voyage.,15_Expressions_Adverbs/777_enough_ex1.m4a
15_Expressions_Adverbs,777,sentence2,This is enough for now.,C'est assez pour le moment.,15_Expressions_Adverbs/777_enough_ex2.m4a
15_Expressions_Adverbs,778,word,really,vraiment,15_Expressions_Adverbs/778_really.m4a
15_Expressions_Adverbs,778,sentence1,I am really happy today.,Je suis vraiment heureux aujourd'hui.,15_Expressions_Adverbs/778_really_ex1.m4a
15_Expressions_Adverbs,778,sentence2,She really loves this city.,Elle aime vraiment cette ville.,15_Expressions_Adverbs/778_really_ex2.m4a
15_Expressions_Adverbs,779,word,quickly,vite,15_Expressions_Adverbs/779_quickly.m4a
15_Expressions_Adverbs,779,sentence1,She ran quickly to catch the bus.,Elle a couru vite pour attraper le bus.,15_Expressions_Adverbs/779_quickly_ex1.m4a
15_Expressions_Adverbs,779,sentence2,Please answer quickly.,"Réponds vite, s'il te plaît.",15_Expressions_Adverbs/779_quickly_ex2.m4a
15_Expressions_Adverbs,780,word,a long time,longtemps,15_Expressions_Adverbs/780_a_long_time.m4a
15_Expressions_Adverbs,780,sentence1,I haven't seen you in a long time.,Je ne t'ai pas vu depuis longtemps.,15_Expressions_Adverbs/780_a_long_time_ex1.m4a
15_Expressions_Adverbs,780,sentence2,We waited a long time for the bus.,Nous avons attendu longtemps le bus.,15_Expressions_Adverbs/780_a_long_time_ex2.m4a
15_Expressions_Adverbs,781,word,how much / how many,combien,15_Expressions_Adverbs/781_how_much_how_many.m4a
15_Expressions_Adverbs,781,sentence1,How much does this cost?,Combien ça coûte ?,15_Expressions_Adverbs/781_how_much_how_many_ex1.m4a
15_Expressions_Adverbs,781,sentence2,How many people are coming?,Combien de personnes viennent ?,15_Expressions_Adverbs/781_how_much_how_many_ex2.m4a
15_Expressions_Adverbs,782,word,just / only,juste,15_Expressions_Adverbs/782_just_only.m4a
15_Expressions_Adverbs,782,sentence1,I just wanted to say hello.,Je voulais juste dire bonjour.,15_Expressions_Adverbs/782_just_only_ex1.m4a
15_Expressions_Adverbs,782,sentence2,This is just what I needed.,C'est juste ce dont j'avais besoin.,15_Expressions_Adverbs/782_just_only_ex2.m4a
15_Expressions_Adverbs,783,word,to feel like / to want to,avoir envie de,15_Expressions_Adverbs/783_to_feel_like_to_want_to.m4a
15_Expressions_Adverbs,783,sentence1,I feel like eating pizza tonight.,J'ai envie de manger une pizza ce soir.,15_Expressions_Adverbs/783_to_feel_like_to_want_to_ex1.m4a
15_Expressions_Adverbs,783,sentence2,She feels like going for a walk.,Elle a envie d'aller se promener.,15_Expressions_Adverbs/783_to_feel_like_to_want_to_ex2.m4a
15_Expressions_Adverbs,784,word,okay / agreed,d'accord,15_Expressions_Adverbs/784_okay_agreed.m4a
15_Expressions_Adverbs,784,sentence1,"Okay, let's do it.","D'accord, faisons-le.",15_Expressions_Adverbs/784_okay_agreed_ex1.m4a
15_Expressions_Adverbs,784,sentence2,She said okay and smiled.,Elle a dit d'accord et a souri.,15_Expressions_Adverbs/784_okay_agreed_ex2.m4a
